Reaction ID;KEGG ID;Matched reactions;Comment;Add
1__45__ACYLGLYCEROL__45__3__45__P__45__ACYLTRANSFER__45__RXN;R09381;;;TRUE
1__46__1__46__1__46__127__45__RXN;R01542;;;TRUE
1__46__14__46__12__46__1__45__RXN_NADH;R00825;;;TRUE
1__46__14__46__12__46__1__45__RXN_NADPH;R00825;;;TRUE
1__46__14__46__13__46__59__45__RXN;R00448;;;TRUE
1__46__14__46__13__46__8__45__RXN;R03344;;;TRUE
1__46__14__46__13__46__84__45__RXN_NADH;R06892;;;TRUE
1__46__17__46__1__46__1__45__RXN_NADPH;R03392;;;TRUE
1__46__2__46__1__46__27__45__RXN;R00922;;;TRUE
1__46__2__46__1__46__32__45__RXN;R03889;;;TRUE
1__46__2__46__1__46__66__45__RXN;R09129;;;TRUE
1__46__2__46__1__46__67__45__RXN;R05699;;;TRUE
1__46__2__46__7__46__4__45__RXN;['R00296', 'R07157'];;;TRUE
1__46__4__46__3__46__19__45__RXN;R00366;;;TRUE
14GLUCANabc;;14GLUCANabc;Identical ID;FALSE
2__45__AMINOADIPATE__45__AMINOTRANSFERASE__45__RXN;R01939;;;TRUE
2__45__OXOPENT__45__4__45__ENOATE__45__HYDRATASE__45__RXN;R02601;OP4ENH3;KEGG;FALSE
2__46__1__46__1__46__137__45__RXN;R05755;;;TRUE
2__46__1__46__1__46__138__45__RXN;R05756;;;TRUE
2__46__3__46__1__46__89__45__RXN;R04364;;;TRUE
2__46__4__46__1__46__157__45__RXN;R02689;;;TRUE
2__46__4__46__1__46__216__45__RXN;R05767;;;TRUE
2__46__4__46__1__46__83__45__RXN;R01009;;;TRUE
2__46__5__46__1__46__32__45__RXN;R02065;;;TRUE
2__46__5__46__1__46__68__45__RXN;R08528;;;TRUE
2__46__6__46__1__46__18__45__RXN;R00907;;;TRUE
2__46__7__46__1__46__121__45__RXN;R01012;;;TRUE
23PDE2e;;23PDE2e;Identical ID;FALSE
23PDE4e;;23PDE4e;Identical ID;FALSE
23PDE7e;;23PDE7e;Identical ID;FALSE
23PDE9e;;23PDE9e;Identical ID;FALSE
24__45__DICHLOROPHENOL__45__6__45__MONOOXYGENASE__45__RXN;R03997;;;TRUE
2MBCOATA;;2MBCOATA;Identical ID;FALSE
2OXOADOX;;2OXOADOX;Identical ID;FALSE
3__45__OCTAPRENYL__45__4__45__OHBENZOATE__45__DECARBOX__45__RXN;R04986;;;TRUE
3__46__5__46__2__46__14__45__RXN;R03187;;;TRUE
3__46__5__46__2__46__17__45__RXN;R06601;HURH;KEGG;FALSE
3__46__5__46__4__46__22__45__RXN;R02280;;;TRUE
3__46__6__46__3__46__8__45__RXN;;;;TRUE
34HPPOR;;34HPPOR;Identical ID;FALSE
3HAD100;;3HAD100;Identical ID;FALSE
3HAD110;;3HAD110;Identical ID;FALSE
3HAD120;;3HAD120;Identical ID;FALSE
3HAD121;;3HAD121;Identical ID;FALSE
3HAD130;;3HAD130;Identical ID;FALSE
3HAD140;;3HAD140;Identical ID;FALSE
3HAD141;;3HAD141;Identical ID;FALSE
3HAD150;;3HAD150;Identical ID;FALSE
3HAD160;;3HAD160;Identical ID;FALSE
3HAD161;;3HAD161;Identical ID;FALSE
3HAD170;;3HAD170;Identical ID;FALSE
3HAD180;;3HAD180;Identical ID;FALSE
3HAD181;;3HAD181;Identical ID;FALSE
3HAD40;;3HAD40;Identical ID;FALSE
3HAD50;;3HAD50;Identical ID;FALSE
3HAD60;;3HAD60;Identical ID;FALSE
3HAD70;;3HAD70;Identical ID;FALSE
3HAD80;;3HAD80;Identical ID;FALSE
3HAD90;;3HAD90;Identical ID;FALSE
3HADai110;;3HADai110;Identical ID;FALSE
3HADai130;;3HADai130;Identical ID;FALSE
3HADai150;;3HADai150;Identical ID;FALSE
3HADai170;;3HADai170;Identical ID;FALSE
3HADai70;;3HADai70;Identical ID;FALSE
3HADai90;;3HADai90;Identical ID;FALSE
3HADi100;;3HADi100;Identical ID;FALSE
3HADi110;;3HADi110;Identical ID;FALSE
3HADi120;;3HADi120;Identical ID;FALSE
3HADi130;;3HADi130;Identical ID;FALSE
3HADi140;;3HADi140;Identical ID;FALSE
3HADi150;;3HADi150;Identical ID;FALSE
3HADi160;;3HADi160;Identical ID;FALSE
3HADi170;;3HADi170;Identical ID;FALSE
3HADi180;;3HADi180;Identical ID;FALSE
3HADi60;;3HADi60;Identical ID;FALSE
3HADi70;;3HADi70;Identical ID;FALSE
3HADi80;;3HADi80;Identical ID;FALSE
3HADi90;;3HADi90;Identical ID;FALSE
3HBCOAHL;;3HBCOAHL;Identical ID;FALSE
3NTD2e;;3NTD2e;Identical ID;FALSE
3NTD4e;;3NTD4e;Identical ID;FALSE
3NTD7e;;3NTD7e;Identical ID;FALSE
3NTD9e;;3NTD9e;Identical ID;FALSE
3OADPCOAT;;3OADPCOAT;Identical ID;FALSE
3OAR100;;3OAR100;Identical ID;FALSE
3OAR110;;3OAR110;Identical ID;FALSE
3OAR120;;3OAR120;Identical ID;FALSE
3OAR121;;3OAR121;Identical ID;FALSE
3OAR130;;3OAR130;Identical ID;FALSE
3OAR140;;3OAR140;Identical ID;FALSE
3OAR141;;3OAR141;Identical ID;FALSE
3OAR150;;3OAR150;Identical ID;FALSE
3OAR160;;3OAR160;Identical ID;FALSE
3OAR161;;3OAR161;Identical ID;FALSE
3OAR170;;3OAR170;Identical ID;FALSE
3OAR180;;3OAR180;Identical ID;FALSE
3OAR181;;3OAR181;Identical ID;FALSE
3OAR40;;3OAR40;Identical ID;FALSE
3OAR50;;3OAR50;Identical ID;FALSE
3OAR60;;3OAR60;Identical ID;FALSE
3OAR70;;3OAR70;Identical ID;FALSE
3OAR80;;3OAR80;Identical ID;FALSE
3OAR90;;3OAR90;Identical ID;FALSE
3OARai110;;3OARai110;Identical ID;FALSE
3OARai130;;3OARai130;Identical ID;FALSE
3OARai150;;3OARai150;Identical ID;FALSE
3OARai170;;3OARai170;Identical ID;FALSE
3OARai70;;3OARai70;Identical ID;FALSE
3OARai90;;3OARai90;Identical ID;FALSE
3OARi100;;3OARi100;Identical ID;FALSE
3OARi110;;3OARi110;Identical ID;FALSE
3OARi120;;3OARi120;Identical ID;FALSE
3OARi130;;3OARi130;Identical ID;FALSE
3OARi140;;3OARi140;Identical ID;FALSE
3OARi150;;3OARi150;Identical ID;FALSE
3OARi160;;3OARi160;Identical ID;FALSE
3OARi170;;3OARi170;Identical ID;FALSE
3OARi180;;3OARi180;Identical ID;FALSE
3OARi60;;3OARi60;Identical ID;FALSE
3OARi70;;3OARi70;Identical ID;FALSE
3OARi80;;3OARi80;Identical ID;FALSE
3OARi90;;3OARi90;Identical ID;FALSE
3OAS100;;3OAS100;Identical ID;FALSE
3OAS110;;3OAS110;Identical ID;FALSE
3OAS120;;3OAS120;Identical ID;FALSE
3OAS121;;3OAS121;Identical ID;FALSE
3OAS130;;3OAS130;Identical ID;FALSE
3OAS140;;3OAS140;Identical ID;FALSE
3OAS141;;3OAS141;Identical ID;FALSE
3OAS150;;3OAS150;Identical ID;FALSE
3OAS160;;3OAS160;Identical ID;FALSE
3OAS161;;3OAS161;Identical ID;FALSE
3OAS170;;3OAS170;Identical ID;FALSE
3OAS180;;3OAS180;Identical ID;FALSE
3OAS181;;3OAS181;Identical ID;FALSE
3OAS50;;3OAS50;Identical ID;FALSE
3OAS60;;3OAS60;Identical ID;FALSE
3OAS70;;3OAS70;Identical ID;FALSE
3OAS80;;3OAS80;Identical ID;FALSE
3OAS90;;3OAS90;Identical ID;FALSE
3OASai110;;3OASai110;Identical ID;FALSE
3OASai130;;3OASai130;Identical ID;FALSE
3OASai150;;3OASai150;Identical ID;FALSE
3OASai170;;3OASai170;Identical ID;FALSE
3OASai70;;3OASai70;Identical ID;FALSE
3OASai90;;3OASai90;Identical ID;FALSE
3OASi100;;3OASi100;Identical ID;FALSE
3OASi110;;3OASi110;Identical ID;FALSE
3OASi120;;3OASi120;Identical ID;FALSE
3OASi130;;3OASi130;Identical ID;FALSE
3OASi140;;3OASi140;Identical ID;FALSE
3OASi150;;3OASi150;Identical ID;FALSE
3OASi160;;3OASi160;Identical ID;FALSE
3OASi170;;3OASi170;Identical ID;FALSE
3OASi180;;3OASi180;Identical ID;FALSE
3OASi60;;3OASi60;Identical ID;FALSE
3OASi70;;3OASi70;Identical ID;FALSE
3OASi80;;3OASi80;Identical ID;FALSE
3OASi90;;3OASi90;Identical ID;FALSE
3OXCOAT;;3OXCOAT;Identical ID;FALSE
4__45__COUMARATE__45____45__COA__45__LIGASE__45__RXN;R01616;;;TRUE
4__45__HYDROXYBENZOATE__45__3__45__MONOOXYGENASE__45__RXN;R01298;;;TRUE
4__45__NITROPHENOL__45__2__45__MONOOXYGENASE__45__RXN;R03023;;;TRUE
4__46__1__46__1__46__77__45__RXN;R02602;;;TRUE
4__46__1__46__1__46__86__45__RXN;R07650;;;TRUE
4__46__1__46__99__46__4__45__RXN;R00997;;;TRUE
4CMLCL;;CMLDC;Changed ID;FALSE
4HGLSD;;4HGLSD;Identical ID;FALSE
4HTHRS;;4HTHRS;Identical ID;FALSE
4OHBENZOATE__45__OCTAPRENYLTRANSFER__45__RXN;R05615;;;TRUE
4PCP;;4PCP;Identical ID;FALSE
5__46__3__46__3__46__10__45__RXN;R04379;;;TRUE
5__46__4__46__99__46__17__45__RXN;R07322;SQLCYC1;KEGG;FALSE
5DGLCNR;;5DGLCNR;Identical ID;FALSE
5DGLCNt2r;;5DGLCNt2r;Identical ID;FALSE
5DOAN;;5DOAN;Identical ID;FALSE
5MTRt;;5MTRt2;Changed ID;FALSE
6__45__HEXANOLIDE__45__HYDROLYSIS__45__RXN;R03751;;;TRUE
6__46__3__46__2__46__10__45__RXN;R04573;;;TRUE
6__46__3__46__2__46__7__45__RXN;['R02786', 'R02785'];;;TRUE
6PHBG;;6PHBG;Identical ID;FALSE
7__45__ALPHA__45__HYDROXYSTEROID__45__DEH__45__RXN;R02792;;;TRUE
AACOATi;;AACOATi;Identical ID;FALSE
AAMYLe;;AAMYLe;Identical ID;FALSE
ABTA;;ABTA;Identical ID;FALSE
ABTabc;;ABTabc;Identical ID;FALSE
ABUTD;;ABUTD;Identical ID;FALSE
ABUTt2;;ABUTt2r;Changed ID;FALSE
ACACT10r;;MACCOAT;Changed ID;FALSE
ACACT1r;;ACACT1r;Identical ID;FALSE
ACACT2r;;ACACT2r;Identical ID;FALSE
ACACT3r;;ACACT3r;Identical ID;FALSE
ACACT4r;;ACACT4r;Identical ID;FALSE
ACACT5r;;ACACT5r;Identical ID;FALSE
ACACT6r;;ACACT6r;Identical ID;FALSE
ACACT7r;;ACACT7r;Identical ID;FALSE
ACACT8r;;ACACT8r;Identical ID;FALSE
ACALDt;;ACALDt;Identical ID;FALSE
ACBIPGT;;ACBIPGT;Identical ID;FALSE
ACCOAC;;ACCOAC;Identical ID;FALSE
ACETALD__45__DEHYDROG__45__RXN;R00228;;;TRUE
ACETATE__45____45__COA__45__LIGASE__45__ADP__45__FORMING__45__RXN;R00229;;;TRUE
ACETOLACTREDUCTOISOM__45__RXN;R04439;;;TRUE
ACETYLORNDEACET__45__RXN;R00669;;;TRUE
ACGAMK;;ACGAMK;Identical ID;FALSE
ACGApts;;ACGApts;Identical ID;FALSE
ACGK;;ACGK;Identical ID;FALSE
ACGS;;ACGS;Identical ID;FALSE
ACHBS;;ACHBS;Identical ID;FALSE
ACKr;;ACKr;Identical ID;FALSE
ACLS;;ACLS;Identical ID;FALSE
ACM6PH;;ACM6PH;Identical ID;FALSE
ACOAD1f;;ACOAD1f;Identical ID;FALSE
ACOAD2f;;ACOAD2f;Identical ID;FALSE
ACOAD3f;;ACOAD3f;Identical ID;FALSE
ACOAD4f;;ACOAD4f;Identical ID;FALSE
ACOAD5f;;ACOAD5f;Identical ID;FALSE
ACOAD6f;;ACOAD6f;Identical ID;FALSE
ACOAD7f;;ACOAD7f;Identical ID;FALSE
ACOAD8;;MBCOAi;Changed ID;FALSE
ACOAD8f;;ACOAD8f;Identical ID;FALSE
ACOAD9;;ACOAD9;Identical ID;FALSE
ACOADH1;;ACOADH1;Identical ID;FALSE
ACOATA;;ACOATA;Identical ID;FALSE
ACONIs;;ACONIs;Identical ID;FALSE
ACONMT;;ACONMT;Identical ID;FALSE
ACONTa;;ACONTa;Identical ID;FALSE
ACONTb;;ACONTb;Identical ID;FALSE
ACOTA;;ACOTA;Identical ID;FALSE
ACPPAT120;;ACPPAT120;Identical ID;FALSE
ACPPAT140;;ACPPAT140;Identical ID;FALSE
ACPPAT141;;ACPPAT141;Identical ID;FALSE
ACPPAT150;;ACPPAT150;Identical ID;FALSE
ACPPAT160;;ACPPAT160;Identical ID;FALSE
ACPPAT161;;ACPPAT161;Identical ID;FALSE
ACPPAT170;;ACPPAT170;Identical ID;FALSE
ACPPAT180;;ACPPAT180;Identical ID;FALSE
ACPPAT181;;ACPPAT181;Identical ID;FALSE
ACPPATai150;;ACPPATai150;Identical ID;FALSE
ACPPATai170;;ACPPATai170;Identical ID;FALSE
ACPPATi140;;ACPPATi140;Identical ID;FALSE
ACPPATi150;;ACPPATi150;Identical ID;FALSE
ACPPATi160;;ACPPATi160;Identical ID;FALSE
ACPPATi170;;ACPPATi170;Identical ID;FALSE
ACPPATi180;;ACPPATi180;Identical ID;FALSE
ACPpds;;ACPpds;Identical ID;FALSE
ACPpdsact;;ACPpdsact;Identical ID;FALSE
ACPpdscda;;ACPpdscda;Identical ID;FALSE
ACPpdsredL;;ACPpdsredL;Identical ID;FALSE
ACPpdsredN;;ACPpdsredN;Identical ID;FALSE
ACPpdsredQ;;ACPpdsredQ;Identical ID;FALSE
ACPS1;;ACPS1;Identical ID;FALSE
ACPSact;;ACPSact;Identical ID;FALSE
ACPScda;;ACPScda;Identical ID;FALSE
ACPSredL;;ACPSredL;Identical ID;FALSE
ACPSredN;;ACPSredN;Identical ID;FALSE
ACPSredQ;;ACPSredQ;Identical ID;FALSE
ACS;;ACS;Identical ID;FALSE
ACS2;;ACS2;Identical ID;FALSE
ACSERt;;ACSERt;Identical ID;FALSE
ACt4;;ACt4;Identical ID;FALSE
ACTS1;;ACTS1;Identical ID;FALSE
ACTS10;;ACTS10;Identical ID;FALSE
ACTS11;;ACTS11;Identical ID;FALSE
ACTS12;;ACTS12;Identical ID;FALSE
ACTS13;;ACTS13;Identical ID;FALSE
ACTS14;;ACTS14;Identical ID;FALSE
ACTS15;;ACTS15;Identical ID;FALSE
ACTS16;;ACTS16;Identical ID;FALSE
ACTS17;;ACTS17;Identical ID;FALSE
ACTS18;;ACTS18;Identical ID;FALSE
ACTS19;;ACTS19;Identical ID;FALSE
ACTS2;;ACTS2;Identical ID;FALSE
ACTS3;;ACTS3;Identical ID;FALSE
ACTS4;;ACTS4;Identical ID;FALSE
ACTS5;;ACTS5;Identical ID;FALSE
ACTS6;;ACTS6;Identical ID;FALSE
ACTS7;;ACTS7;Identical ID;FALSE
ACTS8;;ACTS8;Identical ID;FALSE
ACTS9;;ACTS9;Identical ID;FALSE
ACTt;;ACTt;Identical ID;FALSE
ADA;;ADA;Identical ID;FALSE
ADCL;;ADCL;Identical ID;FALSE
ADCPS1;;ADCPS1;Identical ID;FALSE
ADCPS2;;ADCPS2;Identical ID;FALSE
ADCS;;ADCS;Identical ID;FALSE
ADCYRS;;ADCYRS;Identical ID;FALSE
ADEt2r;;ADEt;Changed ID;FALSE
ADK1;;ADK1;Identical ID;FALSE
ADK2i;;ADK2;Changed ID;FALSE
ADK3i;;ADK3;Changed ID;FALSE
ADK4i;;ADK4;Changed ID;FALSE
ADMDC;;ADMDC;Identical ID;FALSE
ADNCYC;;ADNCYC;Identical ID;FALSE
ADNK1;;ADNK1;Identical ID;FALSE
ADNt2r;;ADNt2;Changed ID;FALSE
ADNUC;;ADNUC;Identical ID;FALSE
ADOCBIK;;ADOCBIK;Identical ID;FALSE
ADOCBLS;;ADOCBLS;Identical ID;FALSE
ADPRDP;;ADPRDP;Identical ID;FALSE
ADPT;;ADPT;Identical ID;FALSE
ADSK;;ADSK;Identical ID;FALSE
ADSL1r;;ADSL1r;Identical ID;FALSE
ADSL2r;;ADSL2r;Identical ID;FALSE
ADSS;;ADSS;Identical ID;FALSE
AGDC;;AGDC;Identical ID;FALSE
AGM4PCP;;AGM4PCP;Identical ID;FALSE
AGMD;;AGMDA;Changed ID;FALSE
AGMT;;AGMT;Identical ID;FALSE
AGPAT120;;AGPAT120;Identical ID;FALSE
AGPAT140;;AGPAT140;Identical ID;FALSE
AGPAT141;;AGPAT141;Identical ID;FALSE
AGPAT150;;AGPAT150;Identical ID;FALSE
AGPAT160;;AGPAT160;Identical ID;FALSE
AGPAT161;;AGPAT161;Identical ID;FALSE
AGPAT170;;AGPAT170;Identical ID;FALSE
AGPAT180;;AGPAT180;Identical ID;FALSE
AGPAT181;;AGPAT181;Identical ID;FALSE
AGPATai150;;AGPATai150;Identical ID;FALSE
AGPATai170;;AGPATai170;Identical ID;FALSE
AGPATi140;;AGPATi140;Identical ID;FALSE
AGPATi150;;AGPATi150;Identical ID;FALSE
AGPATi160;;AGPATi160;Identical ID;FALSE
AGPATi170;;AGPATi170;Identical ID;FALSE
AGPATi180;;AGPATi180;Identical ID;FALSE
AGPR;;AGPR;Identical ID;FALSE
AHC;;AHCi;Changed ID;FALSE
AHMMPS;;AHMMPS;Identical ID;FALSE
AHSERL2r;;AHSERL2;Changed ID;FALSE
AICART;;AICART;Identical ID;FALSE
AIRCr;;AIRCr;Identical ID;FALSE
AKGDH;;AKGDH;Identical ID;FALSE
AKGDH2;;AKGDH2;Identical ID;FALSE
AKGt2r;;AKGt2r;Identical ID;FALSE
AKP1;;AKP1;Identical ID;FALSE
ALAabc;;ALAabc;Identical ID;FALSE
ALAALA;;ALAALAr;Changed ID;FALSE
ALAALAabc;;ALAALAabc;Identical ID;FALSE
ALAALAD;;ALAALAD;Identical ID;FALSE
ALAD_L;;ALAD_L;Identical ID;FALSE
ALALAC;;ALALAC;Identical ID;FALSE
ALANINE__45____45__GLYOXYLATE__45__AMINOTRANSFERASE__45__RXN;R00369;;;TRUE
ALAR;;ALAR;Identical ID;FALSE
ALAt2r;;ALAt2r;Identical ID;FALSE
ALAt4;;ALAt4;Identical ID;FALSE
ALATA_D2;;ALATA_D2;Identical ID;FALSE
ALATA_L;;ALATA_L;Identical ID;FALSE
ALATA_L2;;ALATA_L2;Identical ID;FALSE
ALATRS;;ALATRS;Identical ID;FALSE
ALCD19;;ALCD19;Identical ID;FALSE
ALCD19y;;ALCD19y;Identical ID;FALSE
ALCD2x;;ALCD2x;Identical ID;FALSE
ALCD2y;;ALCD2y;Identical ID;FALSE
ALDD1;;ALDD1;Identical ID;FALSE
ALDD19x;;ALDD19xr;Changed ID;FALSE
ALDD2x;;ALDD2x;Identical ID;FALSE
ALLOPHANATE__45__HYDROLASE__45__RXN;R00005;;;TRUE
ALLTAH;;ATAH;Changed ID;FALSE
ALLTAMH;;ALLTAMH2;Changed ID;FALSE
ALLTN;;ALLTN;Identical ID;FALSE
ALLTNt2r;;ALLTNt2r;Identical ID;FALSE
ALPHAALPHA__45__TREHALOSE__45__PHOSPHORYLASE__45__RXN;R02727;;;TRUE
AM4PCP;;AM4PCP;Identical ID;FALSE
AMALT1;;AMALT1;Identical ID;FALSE
AMALT2;;AMALT2;Identical ID;FALSE
AMALT3;;AMALT3;Identical ID;FALSE
AMALT4;;AMALT4;Identical ID;FALSE
AMAOTr;;AMAOTr;Identical ID;FALSE
AMINO__45__CARBOXYMUCONATE__45__SEMIALDEHYDE__45__RXN;R04323;;;TRUE
AMINOBENZCOALIG__45__RXN;R00982;;;TRUE
AMMQLT9;;AMMQLT9;Identical ID;FALSE
AMPTASECG;;AMPTASECG;Identical ID;FALSE
AMPTASEPG;;AMPTASEPG;Identical ID;FALSE
ANHMK;;ANHMK;Identical ID;FALSE
ANPRT;;ANPRT;Identical ID;FALSE
ANS;;ANS;Identical ID;FALSE
ANTHRANILOYL__45__COA__45__MONOOXYGENASE__45__RXN_NADH;;;;TRUE
ANTHRANILOYL__45__COA__45__MONOOXYGENASE__45__RXN_NADPH;;;;TRUE
AOBUTDs;;AOBUTDs;Identical ID;FALSE
AOXSr2;;AOXSr2;Identical ID;FALSE
APAT2r;;APAT2r;Identical ID;FALSE
APCS;;APCS;Identical ID;FALSE
APG3PAT120;;APG3PAT120;Identical ID;FALSE
APG3PAT140;;APG3PAT140;Identical ID;FALSE
APG3PAT141;;APG3PAT141;Identical ID;FALSE
APG3PAT150;;APG3PAT150;Identical ID;FALSE
APG3PAT160;;APG3PAT160;Identical ID;FALSE
APG3PAT161;;APG3PAT161;Identical ID;FALSE
APG3PAT170;;APG3PAT170;Identical ID;FALSE
APG3PAT180;;APG3PAT180;Identical ID;FALSE
APG3PAT181;;APG3PAT181;Identical ID;FALSE
APG3PATai150;;APG3PATai150;Identical ID;FALSE
APG3PATai170;;APG3PATai170;Identical ID;FALSE
APG3PATi140;;APG3PATi140;Identical ID;FALSE
APG3PATi150;;APG3PATi150;Identical ID;FALSE
APG3PATi160;;APG3PATi160;Identical ID;FALSE
APG3PATi170;;APG3PATi170;Identical ID;FALSE
APG3PATi180;;APG3PATi180;Identical ID;FALSE
APH120;;APH120;Identical ID;FALSE
APH140;;APH140;Identical ID;FALSE
APH141;;APH141;Identical ID;FALSE
APH150;;APH150;Identical ID;FALSE
APH160;;APH160;Identical ID;FALSE
APH161;;APH161;Identical ID;FALSE
APH170;;APH170;Identical ID;FALSE
APH180;;APH180;Identical ID;FALSE
APH181;;APH181;Identical ID;FALSE
APHai150;;APHai150;Identical ID;FALSE
APHai170;;APHai170;Identical ID;FALSE
APHi140;;APHi140;Identical ID;FALSE
APHi150;;APHi150;Identical ID;FALSE
APHi160;;APHi160;Identical ID;FALSE
APHi170;;APHi170;Identical ID;FALSE
APHi180;;APHi180;Identical ID;FALSE
APRAUR;;APRAUR;Identical ID;FALSE
APTNAT;;APTNAT;Identical ID;FALSE
ARAI;;ARAI;Identical ID;FALSE
ARBabc;;ARBabc;Identical ID;FALSE
ARGabc;;ARGabc;Identical ID;FALSE
ARGAGMt7;;ARGAGMt7;Identical ID;FALSE
ARGD;;ARGDr;Changed ID;FALSE
ARGSL;;ARGSL;Identical ID;FALSE
ARGSS;;ARGSS;Identical ID;FALSE
ARGt3;;ARGt3;Identical ID;FALSE
ARGTRS;;ARGTRS;Identical ID;FALSE
ASAD;;ASAD;Identical ID;FALSE
ASNN;;ASNN;Identical ID;FALSE
ASNS1;;ASNS1;Identical ID;FALSE
ASNt2r;;ASNt2r;Identical ID;FALSE
ASNTRS;;ASNTRS;Identical ID;FALSE
ASO3t8;;ASO3t8;Identical ID;FALSE
ASP1DC;;ASP1DC;Identical ID;FALSE
ASPabc;;ASPabc;Identical ID;FALSE
ASPARTASE__45__RXN;R00490;;;TRUE
ASPCT;;ASPCT;Identical ID;FALSE
ASPK;;ASPK;Identical ID;FALSE
ASPO1;;ASPO1;Identical ID;FALSE
ASPO5;;ASPO5;Identical ID;FALSE
ASPO6;;ASPO6;Identical ID;FALSE
ASPt2;;ASPt2r;Changed ID;FALSE
ASPt2_2;;ASPt2_2;Identical ID;FALSE
ASPTA;;ASPTA;Identical ID;FALSE
ASPTRS;;ASPTRS;Identical ID;FALSE
ASR;;ASR;Identical ID;FALSE
ATPHs;;ATPHs;Identical ID;FALSE
ATPM;;ATPM;Identical ID;FALSE
ATPPRT;;ATPPRT;Identical ID;FALSE
ATPS4r;;ATPS4r;Identical ID;FALSE
BACCL;;BACCL;Identical ID;FALSE
BALAt2;;BALAt2;Identical ID;FALSE
BCOATA;;BCOATA;Identical ID;FALSE
BDH;;BDH;Identical ID;FALSE
BENZALDEHYDE__45__DEHYDROGENASE__45__NAD__43____45__RXN;R01419;;;TRUE
BENZOYLFORMATE__45__DECARBOXYLASE__45__RXN;R01764;;;TRUE
BENZYL__45__ALC__45__DEHYDROGENASE__45__RXN;R01763;;;TRUE
BETA__45__UREIDOPROPIONASE__45__RXN;R00905;;;TRUE
BETALDHx;;BETALDHx;Identical ID;FALSE
BETALDHy;;BETALDHy;Identical ID;FALSE
BGLU;;BGLA;Changed ID;FALSE
BHBt;;BHBt;Identical ID;FALSE
Biomass_SCO;;Biomass_SCO;Identical ID;FALSE
BMOCOS;;BMOCOS;Identical ID;FALSE
BMOGDS1;;BMOGDS1;Identical ID;FALSE
BMOGDS2;;BMOGDS2;Identical ID;FALSE
BPNT;;BPNT;Identical ID;FALSE
BTNt2i;;BTNt2i;Identical ID;FALSE
BTS5;;BTS5;Identical ID;FALSE
BUTYRYL__45__COA__45__DEHYDROGENASE__45__RXN;R01178;;;TRUE
BWCOGDS1;;BWCOGDS1;Identical ID;FALSE
BWCOGDS2;;BWCOGDS2;Identical ID;FALSE
BWCOS;;BWCOS;Identical ID;FALSE
CA2t4;;CA2t4;Identical ID;FALSE
CADVt;;CADVt;Identical ID;FALSE
CARBOXY__45__OXOHEPT__45__ENEDIOATE__45__DECARBOXY__45__RXN;R04380;;;TRUE
CAT;;CAT;Identical ID;FALSE
CATECHOL__45__23__45__DIOXYGENASE__45__RXN;R00816;;;TRUE
CBIAT;;CBIAT;Identical ID;FALSE
CBIuabc;;CBIabc;Changed ID;FALSE
CBL1abc;;CBL1abc;Identical ID;FALSE
CBLAT;;CBLAT;Identical ID;FALSE
CBPS;;CBPS;Identical ID;FALSE
CCCR;;CCCR;Identical ID;FALSE
CD2abc;;CD2abc;Identical ID;FALSE
CD2t4;;CD2t4;Identical ID;FALSE
CDAabc;;CDAabc;Identical ID;FALSE
CDAS1;;CDAS1;Identical ID;FALSE
CDAS10;;CDAS10;Identical ID;FALSE
CDAS11;;CDAS11;Identical ID;FALSE
CDAS12;;CDAS12;Identical ID;FALSE
CDAS13;;CDAS13;Identical ID;FALSE
CDAS14a;;CDAS14a;Identical ID;FALSE
CDAS14b;;CDAS14b;Identical ID;FALSE
CDAS15;;CDAS15;Identical ID;FALSE
CDAS16;;CDAS16;Identical ID;FALSE
CDAS17;;CDAS17;Identical ID;FALSE
CDAS18;;CDAS18;Identical ID;FALSE
CDAS19;;CDAS19;Identical ID;FALSE
CDAS2;;CDAS2;Identical ID;FALSE
CDAS3;;CDAS3;Identical ID;FALSE
CDAS4;;CDAS4;Identical ID;FALSE
CDAS5x;;CDAS5x;Identical ID;FALSE
CDAS5y;;CDAS5y;Identical ID;FALSE
CDAS6;;CDAS6;Identical ID;FALSE
CDAS7;;CDAS7;Identical ID;FALSE
CDAS8;;CDAS8;Identical ID;FALSE
CDAS9x;;CDAS9x;Identical ID;FALSE
CDAS9y;;CDAS9y;Identical ID;FALSE
CDPDIGLYSYN__45__RXN;R01799;;;TRUE
CDPMEK;;CDPMEK;Identical ID;FALSE
CELBabc;;CELLBabc;Changed ID;FALSE
CEPHALOSPORIN__45__C__45__DEACETYLASE__45__RXN;R03062;;;TRUE
CFL;;CFL;Identical ID;FALSE
CHLabc;;CHLabc;Identical ID;FALSE
CHLt2;;CHLt2;Identical ID;FALSE
CHMS__45__DEHYDROGENASE__45__RXN;R04418;;;TRUE
CHOLD;;CHOLD;Identical ID;FALSE
CHOLESTEROL__45__OXIDASE__45__RXN;R01459;;;TRUE
CHORM;;CHORM;Identical ID;FALSE
CHORS;;CHORS;Identical ID;FALSE
CHTBSabc;;CHTBSabc;Identical ID;FALSE
CIGAMS;;CIGAMS;Identical ID;FALSE
CITL;;CITL;Identical ID;FALSE
CITt3;;CITt3;Identical ID;FALSE
CITt7;;CITt7;Identical ID;FALSE
CLPNS120;;CLPNS120;Identical ID;FALSE
CLPNS140;;CLPNS140;Identical ID;FALSE
CLPNS141;;CLPNS141;Identical ID;FALSE
CLPNS150;;CLPNS150;Identical ID;FALSE
CLPNS160;;CLPNS160;Identical ID;FALSE
CLPNS161;;CLPNS161;Identical ID;FALSE
CLPNS170;;CLPNS170;Identical ID;FALSE
CLPNS180;;CLPNS180;Identical ID;FALSE
CLPNS181;;CLPNS181;Identical ID;FALSE
CLPNSai150;;CLPNSai150;Identical ID;FALSE
CLPNSai170;;CLPNSai170;Identical ID;FALSE
CLPNSi140;;CLPNSi140;Identical ID;FALSE
CLPNSi150;;CLPNSi150;Identical ID;FALSE
CLPNSi160;;CLPNSi160;Identical ID;FALSE
CLPNSi170;;CLPNSi170;Identical ID;FALSE
CLPNSi180;;CLPNSi180;Identical ID;FALSE
CLPNSII120;;CLPNSII120;Identical ID;FALSE
CLPNSII140;;CLPNSII140;Identical ID;FALSE
CLPNSII141;;CLPNSII141;Identical ID;FALSE
CLPNSII150;;CLPNSII150;Identical ID;FALSE
CLPNSII160;;CLPNSII160;Identical ID;FALSE
CLPNSII161;;CLPNSII161;Identical ID;FALSE
CLPNSII170;;CLPNSII170;Identical ID;FALSE
CLPNSII180;;CLPNSII180;Identical ID;FALSE
CLPNSII181;;CLPNSII181;Identical ID;FALSE
CLPNSIIai150;;CLPNSIIai150;Identical ID;FALSE
CLPNSIIai170;;CLPNSIIai170;Identical ID;FALSE
CLPNSIIi140;;CLPNSIIi140;Identical ID;FALSE
CLPNSIIi150;;CLPNSIIi150;Identical ID;FALSE
CLPNSIIi160;;CLPNSIIi160;Identical ID;FALSE
CLPNSIIi170;;CLPNSIIi170;Identical ID;FALSE
CLPNSIIi180;;CLPNSIIi180;Identical ID;FALSE
CLt3_2;;CLt3_2;Identical ID;FALSE
CO2t;;CO2t;Identical ID;FALSE
COBALT2t;;COBALT2t;Identical ID;FALSE
COBALT2t3;;COBALT2t3;Identical ID;FALSE
COCHL;;COCHL;Identical ID;FALSE
COELICHELINabc;;COELICHELINabc;Identical ID;FALSE
COELICHELINexs;;COELICHELINexs;Identical ID;FALSE
COELICHELINR1;;COELICHELINR1;Identical ID;FALSE
COELICHELINR2;;COELICHELINR2;Identical ID;FALSE
COELICHELINR3;;COELICHELINR3;Identical ID;FALSE
COELICHELINUt;;COELICHELINUt;Identical ID;FALSE
COLCYD__45__RXN;;;;TRUE
CPC2MT;;CPC2MT;Identical ID;FALSE
CPC3MT;;CPC3MT;Identical ID;FALSE
CPC4MT;;;;FALSE
CPC5MT;;;;FALSE
CPC6R;;CPC6R;Identical ID;FALSE
CPC8MM;;CPC8MM;Identical ID;FALSE
CPMPS;;CPMPS;Identical ID;FALSE
CPPPGO2;;CPPPGO2;Identical ID;FALSE
CPTRCA;;CMPA;Changed ID;FALSE
CREATININASE__45__RXN;R01884;;;TRUE
CREATININE__45__DEAMINASE__45__RXN;R02922;;;TRUE
CS;;CS;Identical ID;FALSE
CSND;;CSND;Identical ID;FALSE
CSNt2;;CSNt2;Identical ID;FALSE
CSNt2r;;CSNt2r;Identical ID;FALSE
CTECOAI6;;CTECOAI6;Identical ID;FALSE
CTECOAI7;;CTECOAI7;Identical ID;FALSE
CTECOAI8;;CTECOAI8;Identical ID;FALSE
CTPS1;;CTPS1;Identical ID;FALSE
CTPS2;;CTPS2;Identical ID;FALSE
CU1abc;;CU1abc;Identical ID;FALSE
CU1O;;CU1O;Identical ID;FALSE
CU2abc;;CU2abc;Identical ID;FALSE
CU2t;;CU2t;Identical ID;FALSE
CUt3;;CUt3;Identical ID;FALSE
CYCLOHEXANOL__45__DEHYDROGENASE__45__RXN;R02229;;;TRUE
CYCLOHEXANONE__45__MONOOXYGENASE__45__RXN;R02231;;;TRUE
CYO2a;;CYO2a;Identical ID;FALSE
CYO2b;;CYO2b;Identical ID;FALSE
CYRDAAT;;CYRDAAT;Identical ID;FALSE
CYRDAR;;CYRDAR;Identical ID;FALSE
CYRDAS;;CYRDAS;Identical ID;FALSE
CYSabc;;CYSabc;Identical ID;FALSE
CYSabc2;;CYSabc2;Identical ID;FALSE
CYSDS;;CYSDS;Identical ID;FALSE
CYSS;;CYSS;Identical ID;FALSE
CYSt;;CYSt;Identical ID;FALSE
CYSTGL;;CYSTGL;Identical ID;FALSE
CYSTL;;CYSTL;Identical ID;FALSE
CYSTRS;;CYSTRS;Identical ID;FALSE
CYSTS;;CYSTS;Identical ID;FALSE
CYTBD2;;CYTBD2;Identical ID;FALSE
CYTD;;CYTD;Identical ID;FALSE
CYTDH;;CYTDH;Identical ID;FALSE
CYTDt2r;;CYTDt2;Changed ID;FALSE
CYTIDINEKIN__45__RXN;R00517;;;TRUE
CYTIKIN__45__RXN;R00513;;;TRUE
CYTK1;;CYTK1;Identical ID;FALSE
CYTK2;;CYTK2;Identical ID;FALSE
D__45__LACt2;;D_LACt2;name;FALSE
D__45__LACTALDEHYDE__45__DEHYDROGENASE__45__RXN;R02527;;;TRUE
D__45__LACTATE__45__DEHYDROGENASE__45__CYTOCHROME__45__RXN;R00197;;;TRUE
DABAACT;;DABAACT;Identical ID;FALSE
DABAAT;;DABAAT;Identical ID;FALSE
DABTD;;ABTDG;Changed ID;FALSE
DADA;;DADA;Identical ID;FALSE
DADK;;DADK;Identical ID;FALSE
DADNt2;;DADNt2;Identical ID;FALSE
DALAt2;;DALAt2r;Changed ID;FALSE
DAPabc;;DAPabc;Identical ID;FALSE
DAPAT;;DAPAT;Identical ID;FALSE
DAPDC;;DAPDC;Identical ID;FALSE
DAPE;;DAPE;Identical ID;FALSE
DARABALDOL__45__RXN;;;;TRUE
DASYN120;;DASYN120;Identical ID;FALSE
DASYN140;;DASYN140;Identical ID;FALSE
DASYN141;;DASYN141;Identical ID;FALSE
DASYN150;;DASYN150;Identical ID;FALSE
DASYN160;;DASYN160;Identical ID;FALSE
DASYN161;;DASYN161;Identical ID;FALSE
DASYN170;;DASYN170;Identical ID;FALSE
DASYN180;;DASYN180;Identical ID;FALSE
DASYN181;;DASYN181;Identical ID;FALSE
DASYNai150;;DASYNai150;Identical ID;FALSE
DASYNai170;;DASYNai170;Identical ID;FALSE
DASYNi140;;DASYNi140;Identical ID;FALSE
DASYNi150;;DASYNi150;Identical ID;FALSE
DASYNi160;;DASYNi160;Identical ID;FALSE
DASYNi170;;DASYNi170;Identical ID;FALSE
DASYNi180;;DASYNi180;Identical ID;FALSE
DATPHs;;DATPHs;Identical ID;FALSE
DB4PS;;DB4PS;Identical ID;FALSE
DBTS;;DBTS;Identical ID;FALSE
DCH;;DCH;Identical ID;FALSE
DCTPD;;DCTPD;Identical ID;FALSE
DCTPD2;;DCTPD2;Identical ID;FALSE
DCYTD;;DCYTD;Identical ID;FALSE
DCYTt2;;DCYTt2;Identical ID;FALSE
DDGK;;D5KGK;Changed ID;FALSE
DDGLCNt2r;;DDGLCNt2r;Identical ID;FALSE
DDGLK;;DDGLK;Identical ID;FALSE
DDPA;;DDPA;Identical ID;FALSE
DDPGA;;DDPGA;Identical ID;FALSE
DDPGA2;;D5KGPA;Changed ID;FALSE
DEHYDDEOXGALACTKIN__45__RXN;R03387;;;TRUE
DEHYDOGLUCONOKINASE__45__RXN;R02658;;;TRUE
DGI;;DGI;Identical ID;FALSE
DGK1;;DGK1;Identical ID;FALSE
DGSNt2;;DGSNt2;Identical ID;FALSE
DHACOAH;;DHACOAH;Identical ID;FALSE
DHAD1;;DHAD1;Identical ID;FALSE
DHAD2;;DHAD2;Identical ID;FALSE
DHAK;;DHAK;Identical ID;FALSE
DHAt;;DHAt;Identical ID;FALSE
DHBAMPLIG__45__RXN;R01504;;;TRUE
DHBDEHYD__45__RXN;R01505;;;TRUE
DHDGLCD;;D4DGCD;Changed ID;FALSE
DHDPRy;;DHDPRy;Identical ID;FALSE
DHDPS;;DHDPS;Identical ID;FALSE
DHFR;;DHFR;Identical ID;FALSE
DHFS;;DHFS;Identical ID;FALSE
DHFUTALS;;DHFUTALS;Identical ID;FALSE
DHLBXANAU__45__RXN;R05287;;;TRUE
DHNAI;;DHNAI;Identical ID;FALSE
DHNANT4;;DHNANT4;Identical ID;FALSE
DHNAS;;DHNAS;Identical ID;FALSE
DHNPA2r;;DHNPA2r;Identical ID;FALSE
DHNPTE;;DHNPTE;Identical ID;FALSE
DHORD5;;DHORD5;Identical ID;FALSE
DHORTS;;DHORTS;Identical ID;FALSE
DHPPDA2;;DHPPDA2;Identical ID;FALSE
DHPS2;;DHPS2;Identical ID;FALSE
DHQS;;DHQS;Identical ID;FALSE
DHQTi;;DHQTi;Identical ID;FALSE
DIACYLGLYKIN__45__RXN;R02240;;;TRUE
DIENOYLCOAREDUCT__45__RXN;;;;TRUE
DIHYDROPYRIMIDINASE__45__RXN;R02269;;;TRUE
DINSt2;;DINSt2;Identical ID;FALSE
DM_2HYMEPH;;DM_2hymeph_c;name;FALSE
DM_4CRSOL;;DM_4crsol_c;name;FALSE
DM_5DRIB;;DM_5drib_c;name;FALSE
DM_AACALD;;DM_aacald_c;name;FALSE
DM_ACONM;;DM_aconm_c;name;FALSE
DM_ACT;;DM_ACT_c;name;FALSE
DM_AMOB;;DM_amob_c;name;FALSE
DM_DALUA;;DM_dalua_c;name;FALSE
DM_ECTOINE;;DM_ectoine__L_c;name;FALSE
DM_GERMA;;DM_germicidinA_c;name;FALSE
DM_GERMB;;DM_germicidinB_c;name;FALSE
DM_GERMC;;DM_germicidinC_c;name;FALSE
DM_GERMD;;DM_germicidinD_c;name;FALSE
DM_MSH;;DM_msh_c;name;FALSE
DM_RED;;DM_RED_c;name;FALSE
DMATT;;DMATT;Identical ID;FALSE
DMBZIDS;;DMBZIDS;Identical ID;FALSE
DMPPS;;DMPPS;Identical ID;FALSE
DNADDP;;DNADDP;Identical ID;FALSE
DPCOAK;;DPCOAK;Identical ID;FALSE
DPR;;DPR;Identical ID;FALSE
DRBK;;DRBK;Identical ID;FALSE
DRIBt;;DRIBt;Identical ID;FALSE
DRPA;;DRPA;Identical ID;FALSE
DTARTD;;DTARTD;Identical ID;FALSE
DTMPK;;DTMPK;Identical ID;FALSE
DURIK1;;DURIK1;Identical ID;FALSE
DURIPP;;DURIPP;Identical ID;FALSE
DURIt2;;DURIt2;Identical ID;FALSE
DUTPDP;;DUTPDP;Identical ID;FALSE
DXPRIi;;DXPRIi;Identical ID;FALSE
DXPS;;DXPS;Identical ID;FALSE
DXYLK;;DXYLK;Identical ID;FALSE
E4PD;;E4PD;Identical ID;FALSE
EAR100x;;EAR100x;Identical ID;FALSE
EAR100y;;EAR100y;Identical ID;FALSE
EAR110x;;EAR110x;Identical ID;FALSE
EAR110y;;EAR110y;Identical ID;FALSE
EAR120x;;EAR120x;Identical ID;FALSE
EAR120y;;EAR120y;Identical ID;FALSE
EAR121x;;EAR121x;Identical ID;FALSE
EAR121y;;EAR121y;Identical ID;FALSE
EAR130x;;EAR130x;Identical ID;FALSE
EAR130y;;EAR130y;Identical ID;FALSE
EAR140x;;EAR140x;Identical ID;FALSE
EAR140y;;EAR140y;Identical ID;FALSE
EAR141x;;EAR141x;Identical ID;FALSE
EAR141y;;EAR141y;Identical ID;FALSE
EAR150x;;EAR150x;Identical ID;FALSE
EAR150y;;EAR150y;Identical ID;FALSE
EAR160x;;EAR160x;Identical ID;FALSE
EAR160y;;EAR160y;Identical ID;FALSE
EAR161x;;EAR161x;Identical ID;FALSE
EAR161y;;EAR161y;Identical ID;FALSE
EAR170x;;EAR170x;Identical ID;FALSE
EAR170y;;EAR170y;Identical ID;FALSE
EAR180x;;EAR180x;Identical ID;FALSE
EAR180y;;EAR180y;Identical ID;FALSE
EAR181x;;EAR181x;Identical ID;FALSE
EAR181y;;EAR181y;Identical ID;FALSE
EAR40x;;EAR40x;Identical ID;FALSE
EAR40y;;EAR40y;Identical ID;FALSE
EAR50x;;EAR50x;Identical ID;FALSE
EAR50y;;EAR50y;Identical ID;FALSE
EAR60x;;EAR60x;Identical ID;FALSE
EAR60y;;EAR60y;Identical ID;FALSE
EAR70x;;EAR70x;Identical ID;FALSE
EAR70y;;EAR70y;Identical ID;FALSE
EAR80x;;EAR80x;Identical ID;FALSE
EAR80y;;EAR80y;Identical ID;FALSE
EAR90x;;EAR90x;Identical ID;FALSE
EAR90y;;EAR90y;Identical ID;FALSE
EARai110x;;EARai110x;Identical ID;FALSE
EARai110y;;EARai110y;Identical ID;FALSE
EARai130x;;EARai130x;Identical ID;FALSE
EARai130y;;EARai130y;Identical ID;FALSE
EARai150x;;EARai150x;Identical ID;FALSE
EARai150y;;EARai150y;Identical ID;FALSE
EARai170x;;EARai170x;Identical ID;FALSE
EARai170y;;EARai170y;Identical ID;FALSE
EARai70x;;EARai70x;Identical ID;FALSE
EARai70y;;EARai70y;Identical ID;FALSE
EARai90x;;EARai90x;Identical ID;FALSE
EARai90y;;EARai90y;Identical ID;FALSE
EARi100x;;EARi100x;Identical ID;FALSE
EARi100y;;EARi100y;Identical ID;FALSE
EARi110x;;EARi110x;Identical ID;FALSE
EARi110y;;EARi110y;Identical ID;FALSE
EARi120x;;EARi120x;Identical ID;FALSE
EARi120y;;EARi120y;Identical ID;FALSE
EARi130x;;EARi130x;Identical ID;FALSE
EARi130y;;EARi130y;Identical ID;FALSE
EARi140x;;EARi140x;Identical ID;FALSE
EARi140y;;EARi140y;Identical ID;FALSE
EARi150x;;EARi150x;Identical ID;FALSE
EARi150y;;EARi150y;Identical ID;FALSE
EARi160x;;EARi160x;Identical ID;FALSE
EARi160y;;EARi160y;Identical ID;FALSE
EARi170x;;EARi170x;Identical ID;FALSE
EARi170y;;EARi170y;Identical ID;FALSE
EARi180x;;EARi180x;Identical ID;FALSE
EARi180y;;EARi180y;Identical ID;FALSE
EARi60x;;EARi60x;Identical ID;FALSE
EARi60y;;EARi60y;Identical ID;FALSE
EARi70x;;EARi70x;Identical ID;FALSE
EARi70y;;EARi70y;Identical ID;FALSE
EARi80x;;EARi80x;Identical ID;FALSE
EARi80y;;EARi80y;Identical ID;FALSE
EARi90x;;EARi90x;Identical ID;FALSE
EARi90y;;EARi90y;Identical ID;FALSE
ECOAH1;;ECOAH1;Identical ID;FALSE
ECOAH12;;ECOAH12;Identical ID;FALSE
ECOAH2;;ECOAH2;Identical ID;FALSE
ECOAH3;;ECOAH3;Identical ID;FALSE
ECOAH4;;ECOAH4;Identical ID;FALSE
ECOAH5;;ECOAH5;Identical ID;FALSE
ECOAH6;;ECOAH6;Identical ID;FALSE
ECOAH7;;ECOAH7;Identical ID;FALSE
ECOAH8;;ECOAH8;Identical ID;FALSE
ECOAH9ir;;ECOAH9ir;Identical ID;FALSE
ECTH;;ECTH;Identical ID;FALSE
ECTS;;ECTS;Identical ID;FALSE
EDA;;EDA;Identical ID;FALSE
EGMEACPR;;EGMEACPR;Identical ID;FALSE
EHGLAT;;EHGLAT;Identical ID;FALSE
EMCCCM;;EMCCCM;Identical ID;FALSE
EME;;EME;Identical ID;FALSE
ENO;;ENO;Identical ID;FALSE
EPMEACPR;;EPMEACPR;Identical ID;FALSE
EPMGH;;EPMGH;Identical ID;FALSE
EPMt2;;EPMt2;Identical ID;FALSE
ETHAAL;;ETHAAL;Identical ID;FALSE
ETHAt2;;ETHAt2;Identical ID;FALSE
ETOHtr;;ETOHt;Changed ID;FALSE
EX_14glucan__40__e__41__;;EX_14glucan_e;Converted ID;FALSE
EX_15dap__40__e__41__;;EX_15dap_e;Converted ID;FALSE
EX_1Dgali__40__e__41__;;EX_1Dgali_e;Converted ID;FALSE
EX_23camp__40__e__41__;;EX_23camp_e;Converted ID;FALSE
EX_23ccmp__40__e__41__;;EX_23ccmp_e;Converted ID;FALSE
EX_23cgmp__40__e__41__;;EX_23cgmp_e;Converted ID;FALSE
EX_23cump__40__e__41__;;EX_23cump_e;Converted ID;FALSE
EX_26dap__45__M__40__e__41__;;EX_26dap__M_e;name;FALSE
EX_2ddglcn__40__e__41__;;EX_2ddglcn_e;Converted ID;FALSE
EX_3amp__40__e__41__;;EX_3amp_e;Converted ID;FALSE
EX_3cmp__40__e__41__;;EX_3cmp_e;Converted ID;FALSE
EX_3gmp__40__e__41__;;EX_3gmp_e;Converted ID;FALSE
EX_3ump__40__e__41__;;EX_3ump_e;Converted ID;FALSE
EX_4abut__40__e__41__;;EX_4abut_e;Converted ID;FALSE
EX_5dglcn__40__e__41__;;EX_5dglcn_e;Converted ID;FALSE
EX_5mtr__40__e__41__;;EX_5mtr_e;Converted ID;FALSE
EX_abt__45__D__40__e__41__;;EX_abt__D_e;Converted ID;FALSE
EX_ac__40__e__41__;;EX_ac_e;Converted ID;FALSE
EX_acald__40__e__41__;;EX_acald_e;Converted ID;FALSE
EX_acgam__40__e__41__;;EX_acgam_e;Converted ID;FALSE
EX_acser__40__e__41__;;EX_acser_e;Converted ID;FALSE
EX_ade__40__e__41__;;EX_ade_e;Converted ID;FALSE
EX_adn__40__e__41__;;EX_adn_e;Converted ID;FALSE
EX_agm__40__e__41__;;EX_agm_e;Converted ID;FALSE
EX_akg__40__e__41__;;EX_akg_e;Converted ID;FALSE
EX_ala__45__B__40__e__41__;;EX_ala_B_e;name;FALSE
EX_ala__45__D__40__e__41__;;EX_ala__D_e;Converted ID;FALSE
EX_ala__45__L__40__e__41__;;EX_ala__L_e;Converted ID;FALSE
EX_alaala__40__e__41__;;EX_alaala_e;Converted ID;FALSE
EX_alltn__40__e__41__;;EX_alltn_e;Converted ID;FALSE
EX_amp__40__e__41__;;EX_amp_e;Converted ID;FALSE
EX_arab__45__L__40__e__41__;;EX_arab__L_e;Converted ID;FALSE
EX_arg__45__L__40__e__41__;;EX_arg__L_e;Converted ID;FALSE
EX_asn__45__L__40__e__41__;;EX_asn__L_e;Converted ID;FALSE
EX_aso3__40__e__41__;;EX_aso3_e;Converted ID;FALSE
EX_asp__45__L__40__e__41__;;EX_asp__L_e;Converted ID;FALSE
EX_bhb__40__e__41__;;EX_bhb_e;Converted ID;FALSE
EX_btn__40__e__41__;;EX_btn_e;Converted ID;FALSE
EX_ca2__40__e__41__;;EX_ca2_e;Converted ID;FALSE
EX_cbi__40__e__41__;;EX_cbi_e;Converted ID;FALSE
EX_cbl1__40__e__41__;;EX_cbl1_e;Converted ID;FALSE
EX_cd2__40__e__41__;;EX_cd2_e;Converted ID;FALSE
EX_CDA__40__e__41__;;EX_CDA_e;Converted ID;FALSE
EX_celb__40__e__41__;;EX_cellb_e;Changed ID;FALSE
EX_chol__40__e__41__;;EX_chol_e;Converted ID;FALSE
EX_chtbs__40__e__41__;;EX_chtbs_e;Converted ID;FALSE
EX_cit__40__e__41__;;EX_cit_e;Converted ID;FALSE
EX_cl__40__e__41__;;EX_cl_e;Converted ID;FALSE
EX_cmp__40__e__41__;;EX_cmp_e;Converted ID;FALSE
EX_co2__40__e__41__;;EX_co2_e;Converted ID;FALSE
EX_cobalt2__40__e__41__;;EX_cobalt2_e;Converted ID;FALSE
EX_coelichelin__40__e__41__;;EX_coelichelin_e;Converted ID;FALSE
EX_csn__40__e__41__;;EX_csn_e;Converted ID;FALSE
EX_cu__40__e__41__;;EX_cu_e;Converted ID;FALSE
EX_cu2__40__e__41__;;EX_cu2_e;Converted ID;FALSE
EX_cys__45__L__40__e__41__;;EX_cys__L_e;Converted ID;FALSE
EX_cytd__40__e__41__;;EX_cytd_e;Converted ID;FALSE
EX_dad__45__2__40__e__41__;;EX_dad_2_e;name;FALSE
EX_damp__40__e__41__;;EX_damp_e;Converted ID;FALSE
EX_dcmp__40__e__41__;;EX_dcmp_e;Converted ID;FALSE
EX_dcyt__40__e__41__;;EX_dcyt_e;Converted ID;FALSE
EX_desferrioxamB__40__e__41__;;EX_desferrioxamB_e;Converted ID;FALSE
EX_desferrioxamE__40__e__41__;;EX_desferrioxamE_e;Converted ID;FALSE
EX_dgmp__40__e__41__;;EX_dgmp_e;Converted ID;FALSE
EX_dgsn__40__e__41__;;EX_dgsn_e;Converted ID;FALSE
EX_dha__40__e__41__;;EX_dha_e;Converted ID;FALSE
EX_dimp__40__e__41__;;EX_dimp_e;Converted ID;FALSE
EX_din__40__e__41__;;EX_din_e;Converted ID;FALSE
EX_drib__40__e__41__;;EX_drib_e;Converted ID;FALSE
EX_dtmp__40__e__41__;;EX_dtmp_e;Converted ID;FALSE
EX_dump__40__e__41__;;EX_dump_e;Converted ID;FALSE
EX_duri__40__e__41__;;EX_duri_e;Converted ID;FALSE
EX_epm__40__e__41__;;EX_epm_e;Converted ID;FALSE
EX_etha__40__e__41__;;EX_etha_e;Converted ID;FALSE
EX_etoh__40__e__41__;;EX_etoh_e;Converted ID;FALSE
EX_fald__40__e__41__;;EX_fald_e;Converted ID;FALSE
EX_fe2__40__e__41__;;EX_fe2_e;Converted ID;FALSE
EX_fe3__40__e__41__;;EX_fe3_e;Converted ID;FALSE
EX_ferricoelichelin__40__e__41__;;EX_ferricoelichelin_e;Converted ID;FALSE
EX_ferrioxamB__40__e__41__;;EX_feroxB_e;Changed ID;FALSE
EX_ferrioxamE__40__e__41__;;EX_feroxE_e;Changed ID;FALSE
EX_for__40__e__41__;;EX_for_e;Converted ID;FALSE
EX_fru__40__e__41__;;EX_fru_e;Converted ID;FALSE
EX_fum__40__e__41__;;EX_fum_e;Converted ID;FALSE
EX_g3pc__40__e__41__;;EX_g3pc_e;Converted ID;FALSE
EX_g3pe__40__e__41__;;EX_g3pe_e;Converted ID;FALSE
EX_g3pg__40__e__41__;;EX_g3pg_e;Converted ID;FALSE
EX_g3pi__40__e__41__;;EX_g3pi_e;Converted ID;FALSE
EX_g3ps__40__e__41__;;EX_g3ps_e;Converted ID;FALSE
EX_gACT__40__e__41__;;EX_gACT_e;Converted ID;FALSE
EX_gal__40__e__41__;;EX_gal_e;Converted ID;FALSE
EX_galctn__45__D__40__e__41__;;EX_galctn__D_e;Converted ID;FALSE
EX_ggl__40__e__41__;;EX_ggl_e;Converted ID;FALSE
EX_glc__40__e__41__;;EX_glc__D_e;Changed ID;FALSE
EX_glcn__40__e__41__;;EX_glcn_e;Converted ID;FALSE
EX_glcr__40__e__41__;;EX_glcr_e;Converted ID;FALSE
EX_gln__45__L__40__e__41__;;EX_gln__L_e;Converted ID;FALSE
EX_glu__45__L__40__e__41__;;EX_glu__L_e;Converted ID;FALSE
EX_gly__40__e__41__;;EX_gly_e;Converted ID;FALSE
EX_glyald__40__e__41__;;EX_glyald_e;Converted ID;FALSE
EX_glyb__40__e__41__;;EX_glyb_e;Converted ID;FALSE
EX_glyc__40__e__41__;;EX_glyc_e;Converted ID;FALSE
EX_glyc__45__R__40__e__41__;;EX_glyc__R_e;Converted ID;FALSE
EX_glyc3p__40__e__41__;;EX_glyc3p_e;Converted ID;FALSE
EX_glyclt__40__e__41__;;EX_glyclt_e;Converted ID;FALSE
EX_gmp__40__e__41__;;EX_gmp_e;Converted ID;FALSE
EX_gsn__40__e__41__;;EX_gsn_e;Converted ID;FALSE
EX_gua__40__e__41__;;EX_gua_e;Converted ID;FALSE
EX_h__40__e__41__;;EX_h_e;Converted ID;FALSE
EX_h2o__40__e__41__;;EX_h2o_e;Converted ID;FALSE
EX_h2o2__40__e__41__;;EX_h2o2_e;Converted ID;FALSE
EX_h2s__40__e__41__;;EX_h2s_e;Converted ID;FALSE
EX_his__45__L__40__e__41__;;EX_his__L_e;Converted ID;FALSE
EX_hom__45__L__40__e__41__;;EX_hom__L_e;Converted ID;FALSE
EX_idon__45__L__40__e__41__;;EX_idon__L_e;Converted ID;FALSE
EX_ile__45__L__40__e__41__;;EX_ile__L_e;Converted ID;FALSE
EX_imp__40__e__41__;;EX_imp_e;Converted ID;FALSE
EX_indole__40__e__41__;;EX_indole_e;Converted ID;FALSE
EX_inost__40__e__41__;;EX_inost_e;Converted ID;FALSE
EX_ins__40__e__41__;;EX_ins_e;Converted ID;FALSE
EX_k__40__e__41__;;EX_k_e;Converted ID;FALSE
EX_lac__45__D__40__e__41__;;EX_lac__D_e;Converted ID;FALSE
EX_lac__45__L__40__e__41__;;EX_lac__L_e;Converted ID;FALSE
EX_LalaDglu__40__e__41__;;EX_LalaDglu_e;Converted ID;FALSE
EX_lcts__40__e__41__;;EX_lcts_e;Converted ID;FALSE
EX_leu__45__L__40__e__41__;;EX_leu__L_e;Converted ID;FALSE
EX_lipoate__40__e__41__;;EX_lipoate_e;Converted ID;FALSE
EX_lys__45__L__40__e__41__;;EX_lys__L_e;Converted ID;FALSE
EX_lyx__45__L__40__e__41__;;EX_lyx__L_e;Converted ID;FALSE
EX_mal__45__L__40__e__41__;;EX_mal__L_e;Converted ID;FALSE
EX_malt__40__e__41__;;EX_malt_e;Converted ID;FALSE
EX_malthp__40__e__41__;;EX_malthp_e;Converted ID;FALSE
EX_malthx__40__e__41__;;EX_malthx_e;Converted ID;FALSE
EX_maltpt__40__e__41__;;EX_maltpt_e;Converted ID;FALSE
EX_malttr__40__e__41__;;EX_malttr_e;Converted ID;FALSE
EX_maltttr__40__e__41__;;EX_maltttr_e;Converted ID;FALSE
EX_man__40__e__41__;;EX_man_e;Converted ID;FALSE
EX_melib__40__e__41__;;EX_melib_e;Converted ID;FALSE
EX_melt__40__e__41__;;EX_melt_e;Converted ID;FALSE
EX_meoh__40__e__41__;;EX_meoh_e;Converted ID;FALSE
EX_met__45__L__40__e__41__;;EX_met__L_e;Converted ID;FALSE
EX_mg2__40__e__41__;;EX_mg2_e;Converted ID;FALSE
EX_mn2__40__e__41__;;EX_mn2_e;Converted ID;FALSE
EX_mnl__40__e__41__;;EX_mnl_e;Converted ID;FALSE
EX_mobd__40__e__41__;;EX_mobd_e;Converted ID;FALSE
EX_n2o__40__e__41__;;EX_n2o_e;Converted ID;FALSE
EX_na1__40__e__41__;;EX_na1_e;Converted ID;FALSE
EX_nac__40__e__41__;;EX_nac_e;Converted ID;FALSE
EX_nh4__40__e__41__;;EX_nh4_e;Converted ID;FALSE
EX_ni2__40__e__41__;;EX_ni2_e;Converted ID;FALSE
EX_nmn__40__e__41__;;EX_nmn_e;Converted ID;FALSE
EX_no__40__e__41__;;EX_no_e;Converted ID;FALSE
EX_no2__40__e__41__;;EX_no2_e;Converted ID;FALSE
EX_no3__40__e__41__;;EX_no3_e;Converted ID;FALSE
EX_o2__40__e__41__;;EX_o2_e;Converted ID;FALSE
EX_orn__40__e__41__;;EX_orn_e;Converted ID;FALSE
EX_orot__40__e__41__;;EX_orot_e;Converted ID;FALSE
EX_pacald__40__e__41__;;EX_pacald_e;Converted ID;FALSE
EX_phe__45__L__40__e__41__;;EX_phe__L_e;Converted ID;FALSE
EX_pi__40__e__41__;;EX_pi_e;Converted ID;FALSE
EX_pnto__45__R__40__e__41__;;EX_pnto__R_e;Converted ID;FALSE
EX_ppa__40__e__41__;;EX_ppa_e;Converted ID;FALSE
EX_pro__45__L__40__e__41__;;EX_pro__L_e;Converted ID;FALSE
EX_ptrc__40__e__41__;;EX_ptrc_e;Converted ID;FALSE
EX_pydam__40__e__41__;;EX_pydam_e;Converted ID;FALSE
EX_pydx__40__e__41__;;EX_pydx_e;Converted ID;FALSE
EX_pydxn__40__e__41__;;EX_pydxn_e;Converted ID;FALSE
EX_pyr__40__e__41__;;EX_pyr_e;Converted ID;FALSE
EX_raffin__40__e__41__;;EX_raffin_e;Converted ID;FALSE
EX_rib__45__D__40__e__41__;;EX_rib__D_e;Converted ID;FALSE
EX_rmn__40__e__41__;;EX_rmn_e;Converted ID;FALSE
EX_salcn__40__e__41__;;EX_salcn_e;Converted ID;FALSE
EX_sbt__45__D__40__e__41__;;EX_sbt__D_e;Converted ID;FALSE
EX_ser__45__L__40__e__41__;;EX_ser__L_e;Converted ID;FALSE
EX_skm__40__e__41__;;EX_skm_e;Converted ID;FALSE
EX_so4__40__e__41__;;EX_so4_e;Converted ID;FALSE
EX_spmd__40__e__41__;;EX_spmd_e;Converted ID;FALSE
EX_succ__40__e__41__;;EX_succ_e;Converted ID;FALSE
EX_tartr__45__D__40__e__41__;;EX_tartr__D_e;Converted ID;FALSE
EX_taur__40__e__41__;;EX_taur_e;Converted ID;FALSE
EX_thm__40__e__41__;;EX_thm_e;Converted ID;FALSE
EX_thr__45__L__40__e__41__;;EX_thr__L_e;Converted ID;FALSE
EX_thym__40__e__41__;;EX_thym_e;Converted ID;FALSE
EX_thymd__40__e__41__;;EX_thymd_e;Converted ID;FALSE
EX_tre__40__e__41__;;EX_tre_e;Converted ID;FALSE
EX_trp__45__L__40__e__41__;;EX_trp__L_e;Converted ID;FALSE
EX_tungs__40__e__41__;;EX_tungs_e;Converted ID;FALSE
EX_tyr__45__L__40__e__41__;;EX_tyr__L_e;Converted ID;FALSE
EX_ump__40__e__41__;;EX_ump_e;Converted ID;FALSE
EX_ura__40__e__41__;;EX_ura_e;Converted ID;FALSE
EX_urea__40__e__41__;;EX_urea_e;Converted ID;FALSE
EX_uri__40__e__41__;;EX_uri_e;Converted ID;FALSE
EX_val__45__L__40__e__41__;;EX_val__L_e;Converted ID;FALSE
EX_vanlt__40__e__41__;;EX_vanlt_e;Converted ID;FALSE
EX_xan__40__e__41__;;EX_xan_e;Converted ID;FALSE
EX_xmp__40__e__41__;;EX_xmp_e;Converted ID;FALSE
EX_xtsn__40__e__41__;;EX_xtsn_e;Converted ID;FALSE
EX_xyl__45__D__40__e__41__;;EX_xyl__D_e;Converted ID;FALSE
EX_xylt__40__e__41__;;EX_xylt_e;Converted ID;FALSE
EX_zn2__40__e__41__;;EX_zn2_e;Converted ID;FALSE
EXC_OUT_ACETONE_c;;;;TRUE
EXC_OUT_CPD__45__10158_c;;;;TRUE
EXC_OUT_CPD__45__10680_c;;;;TRUE
EXC_OUT_CPD__45__10681_c;;;;TRUE
EXC_OUT_CPD__45__11957_c;;;;TRUE
EXC_OUT_CPD__45__14016_c;;;;TRUE
EXC_OUT_CPD__45__14522_c;;;;TRUE
EXC_OUT_CPD__45__9962_c;;;;TRUE
FACOAE100;;FACOAE100;Identical ID;FALSE
FACOAE120;;FACOAE120;Identical ID;FALSE
FACOAE140;;FACOAE140;Identical ID;FALSE
FACOAE141;;FACOAE141;Identical ID;FALSE
FACOAE160;;FACOAE160;Identical ID;FALSE
FACOAE161;;FACOAE161;Identical ID;FALSE
FACOAE180;;FACOAE180;Identical ID;FALSE
FACOAE181;;FACOAE181;Identical ID;FALSE
FACOAE60;;FACOAE60;Identical ID;FALSE
FACOAE80;;FACOAE80;Identical ID;FALSE
FACOAL100;;FACOAL100;Identical ID;FALSE
FACOAL120;;FACOAL120;Identical ID;FALSE
FACOAL140;;FACOAL140;Identical ID;FALSE
FACOAL141;;FACOAL141;Identical ID;FALSE
FACOAL160;;FACOAL160;Identical ID;FALSE
FACOAL161;;FACOAL161;Identical ID;FALSE
FACOAL180;;FACOAL180;Identical ID;FALSE
FACOAL181;;FACOAL181;Identical ID;FALSE
FACOAL60;;FACOAL60;Identical ID;FALSE
FACOAL80;;FACOAL80;Identical ID;FALSE
FADRx2;;FADRx2;Identical ID;FALSE
FALDt;;FALDt;Identical ID;FALSE
FANH;;FANH;Identical ID;FALSE
FBA;;FBA;Identical ID;FALSE
FBA2;;FBA2;Identical ID;FALSE
FBA3;;FBA3;Identical ID;FALSE
FBP;;FBP;Identical ID;FALSE
FCLT;;FCLT;Identical ID;FALSE
FDH;;FDH;Identical ID;FALSE
FE2t2;;FE2t2;Identical ID;FALSE
FE2t3;;FE2t3;Identical ID;FALSE
FE3abc;;FE3abc;Identical ID;FALSE
FE3Ri;;FE3Ri;Identical ID;FALSE
FEOXAMBabc;;FEOXAMBabc;Identical ID;FALSE
FEOXAMBexs;;FEOXAMBexs;Identical ID;FALSE
FEOXAMBR1;;FEOXAMBR1;Identical ID;FALSE
FEOXAMBR2;;FEOXAMBR2;Identical ID;FALSE
FEOXAMBR3;;FEOXAMBR3;Identical ID;FALSE
FEOXAMBUt;;FEOXAMBUt;Identical ID;FALSE
FEOXAMEabc;;FEOXAMEabc;Identical ID;FALSE
FEOXAMEexs;;FEOXAMEexs;Identical ID;FALSE
FEOXAMER1;;FEOXAMER1;Identical ID;FALSE
FEOXAMER2;;FEOXAMER2;Identical ID;FALSE
FEOXAMER3;;FEOXAMER3;Identical ID;FALSE
FEOXAMEUt;;FEOXAMEUt;Identical ID;FALSE
FERO;;FERO;Identical ID;FALSE
FERREDOXIN__45____45__NITRITE__45__REDUCTASE__45__RXN;R00790;NOR_syn;KEGG;FALSE
FESD1s;;FESD1s;Identical ID;FALSE
FESD2s;;FESD2s;Identical ID;FALSE
FESR;;FESR;Identical ID;FALSE
FGLU;;FGLU;Identical ID;FALSE
FHLMULTI__45__RXN;;;;TRUE
FKYNH;;FKYNH;Identical ID;FALSE
FLVR;;FLVR;Identical ID;FALSE
FMETTRS;;FMETTRS;Identical ID;FALSE
FMNAT;;FMNAT;Identical ID;FALSE
FMNRx;;FMNRx;Identical ID;FALSE
FMNRx2;;FMNRx2;Identical ID;FALSE
FOMETRi;;;;FALSE
FORAMD;;FORAMD;Identical ID;FALSE
FORCT;;FORCT;Identical ID;FALSE
FORMIMINOGLUTAMATE__45__DEIMINASE__45__RXN;R02286;;;TRUE
FORti;;FORti;Identical ID;FALSE
FRD8;;FRD8;Identical ID;FALSE
FRTT;;FRTT;Identical ID;FALSE
FRUCTOSE__45__6__45__PHOSPHATE__45__PHOSPHOKETOLASE__45__RXN;R00761;;;TRUE
FRUK;;FRUK;Identical ID;FALSE
FRUpts;;FRUpts;Identical ID;FALSE
FTHFD;;FTHFD;Identical ID;FALSE
FUCPALDOL__45__RXN;R02262;;;TRUE
FUM;;FUM;Identical ID;FALSE
FUMAC;;FUMAC;Identical ID;FALSE
FUMt2_2;;FUMt2_2;Identical ID;FALSE
FUTALH;;FUTH;Changed ID;FALSE
G1DH;;G1Dx;Changed ID;FALSE
G1PACT;;G1PACT;Identical ID;FALSE
G1SAT;;G1SAT;Identical ID;FALSE
G3PCT;;G3PCT;Identical ID;FALSE
G3PD2;;G3PD2;Identical ID;FALSE
G3PD6;;G3PD6;Identical ID;FALSE
G5SADs;;G5SADs;Identical ID;FALSE
G5SD;;G5SD;Identical ID;FALSE
G6PDA;;G6PDA;Identical ID;FALSE
G6PDH2;;G6PDH2r;Changed ID;FALSE
GAL6PI;;GAL6PI;Identical ID;FALSE
GALACTARDEHYDRA__45__RXN;R05608;;;TRUE
GALCTND;;GALCTND;Identical ID;FALSE
GALCTNt2;;GALCTNt2;Identical ID;FALSE
GALIGH;;GALIGH;Identical ID;FALSE
GALIt2;;GALIt2;Identical ID;FALSE
GALKr;;GALKr;Identical ID;FALSE
GALLATE__45__DECARBOXYLASE__45__RXN;R03247;;;TRUE
GALS3;;GALS3;Identical ID;FALSE
GALt4;;GALt4;Identical ID;FALSE
GALUi;;GALUi;Identical ID;FALSE
GAPD;;GAPD;Identical ID;FALSE
GARFT;;GARFT;Identical ID;FALSE
GCALDD;;GCALDD;Identical ID;FALSE
GDP__45__MANNOSE__45__6__45__DEHYDROGENASE__45__RXN;R00880;;;TRUE
GDPDPK;;GDPDPK;Identical ID;FALSE
GDPMNP;;GDPMNP;Identical ID;FALSE
GDPTPDP;;GDPTPDP;Identical ID;FALSE
GERMA;;GERMA;Identical ID;FALSE
GERMB;;GERMB;Identical ID;FALSE
GERMC;;GERMC;Identical ID;FALSE
GERMD;;GERMD;Identical ID;FALSE
GF6PTA;;GF6PTA;Identical ID;FALSE
GGLGH;;GGLGH;Identical ID;FALSE
GGLt2;;GGLt2;Identical ID;FALSE
GGTT;;GGTT;Identical ID;FALSE
GHMT2;;GHMT2r;Changed ID;FALSE
GK1i;;GK1i;Identical ID;FALSE
GK2i;;GK2i;Identical ID;FALSE
GLBRAN2;;GLBRAN2;Identical ID;FALSE
GLCATr;;GLCATr;Identical ID;FALSE
GLCNACPTRANS__45__RXN;R08856;;;TRUE
GLCNt2r;;GLCNt2r;Identical ID;FALSE
GLCOAS;;GLCOAS;Identical ID;FALSE
GLCP;;GLCP;Identical ID;FALSE
GLCP2;;GLCP2;Identical ID;FALSE
GLCRAL;;GLCRAL;Identical ID;FALSE
GLCRD;;GLCRD;Identical ID;FALSE
GLCRt2r;;GLCRt2r;Identical ID;FALSE
GLCS1;;GLCS1;Identical ID;FALSE
GLCt2;;GLCt2;Identical ID;FALSE
GLDBRAN2;;GLDBRAN2;Identical ID;FALSE
GLGC;;GLGC;Identical ID;FALSE
GLGCc;;G1PCTYT;Changed ID;FALSE
GLNabc;;GLNabc;Identical ID;FALSE
GLNLASE;;GLC15LACH;Changed ID;FALSE
GLNS;;GLNS;Identical ID;FALSE
GLNTRS;;GLNTRS;Identical ID;FALSE
GLU5K;;GLU5K;Identical ID;FALSE
GLUabc;;GLUabc;Identical ID;FALSE
GLUDC;;GLUDC;Identical ID;FALSE
GLUDxi;;GLUDxi;Identical ID;FALSE
GLUDyi;;GLUDyi;Identical ID;FALSE
GLUN;;GLUN;Identical ID;FALSE
GLUPRT;;GLUPRT;Identical ID;FALSE
GLUR;;GLUR;Identical ID;FALSE
GLUSx;;GLUSx;Identical ID;FALSE
GLUt2r;;GLUt2r;Identical ID;FALSE
GLUTAMATESYN__45__RXN;R00114;GLUSy;biocyc, KEGG;FALSE
GLUTCOADHc;;GLUTCOADHc;Identical ID;FALSE
GLUTCYSLIG__45__RXN;R00894;;;TRUE
GLUTRR;;GLUTRR;Identical ID;FALSE
GLUTRS;;GLUTRS;Identical ID;FALSE
GLXCL;;GLXCL;Identical ID;FALSE
GLYALDDr;;GLYALDDr;Identical ID;FALSE
GLYALDt;;GLYALDt;Identical ID;FALSE
GLYAT;;GLYAT;Identical ID;FALSE
GLYBabc;;GLYBabc;Identical ID;FALSE
GLYBt2;;GLYBt2r;Changed ID;FALSE
GLYCAt2r;;GLYCAt2r;Identical ID;FALSE
GLYCDx;;GLYCDx;Identical ID;FALSE
GLYCK;;GLYCK;Identical ID;FALSE
GLYCK2;;GLYCK2;Identical ID;FALSE
GLYCL;;GLYCL;Identical ID;FALSE
GLYCLTt2i;;GLYCLTt2r;Changed ID;FALSE
GLYCLTt4;;GLYCLTt4;Identical ID;FALSE
GLYCOLATE__45__REDUCTASE__45__RXN;R00717;;;TRUE
GLYCt;;GLYCt;Identical ID;FALSE
GLYCTO1;;GLYCTO1;Identical ID;FALSE
GLYCTO3;;GLYCTO3;Identical ID;FALSE
GLYK;;GLYK;Identical ID;FALSE
GLYOXII__45__RXN;R01736;;;TRUE
GLYt2r;;GLYt2r;Identical ID;FALSE
GLYt4;;GLYt4;Identical ID;FALSE
GLYTRS;;GLYTRS;Identical ID;FALSE
GMP__45__SYN__45__NH3__45__RXN;R01230;GMPS;KEGG;FALSE
GMPS2;;GMPS2;Identical ID;FALSE
GND;;GND;Identical ID;FALSE
GND2;;GND2;Identical ID;FALSE
GNK;;GNK;Identical ID;FALSE
GPDDA1;;GPDDA1;Identical ID;FALSE
GPDDA1e;;GPDDA1e;Identical ID;FALSE
GPDDA2;;GPDDA2;Identical ID;FALSE
GPDDA2e;;GPDDA2e;Identical ID;FALSE
GPDDA3;;GPDDA3;Identical ID;FALSE
GPDDA3e;;GPDDA3e;Identical ID;FALSE
GPDDA4;;GPDDA4;Identical ID;FALSE
GPDDA4e;;GPDDA4e;Identical ID;FALSE
GPDDA5;;GPDDA5;Identical ID;FALSE
GPDDA5e;;GPDDA5e;Identical ID;FALSE
GPH__45__RXN;R01334;;;TRUE
GRTT;;GRTT;Identical ID;FALSE
GSNt2;;GSNt2;Identical ID;FALSE
GTHPi;;GTHPi;Identical ID;FALSE
GTHRDH;;GTHRDH;Identical ID;FALSE
GTPCI;;GTPCI;Identical ID;FALSE
GTPCII2;;GTPCII2;Identical ID;FALSE
GTPCIII2;;GTPCIII2;Identical ID;FALSE
GTPDPDP;;GTPDPDP;Identical ID;FALSE
GTPDPK;;GTPDPK;Identical ID;FALSE
GTPHs;;GTPHs;Identical ID;FALSE
GUACYC;;GUACYC;Identical ID;FALSE
GUANIDINOBUTANAMIDE__45__NH3__45__RXN;R03180;;;TRUE
GUANIDINOBUTYRASE__45__RXN;R01990;;;TRUE
GUAPRT;;GUAPRT;Identical ID;FALSE
GUAt;;GUAt;Identical ID;FALSE
GUAt2;;GUAt2r;Changed ID;FALSE
H2O2t;;H2O2t;Identical ID;FALSE
H2Ot;;H2Ot;Identical ID;FALSE
H2SO;;H2SO;Identical ID;FALSE
H2St1;;H2St1;Identical ID;FALSE
HACD1;;HACD1;Identical ID;FALSE
HACD2;;HACD2;Identical ID;FALSE
HACD3;;HACD3;Identical ID;FALSE
HACD4;;HACD4;Identical ID;FALSE
HACD5;;HACD5;Identical ID;FALSE
HACD6;;HACD6;Identical ID;FALSE
HACD7;;HACD7;Identical ID;FALSE
HACD8;;HACD8;Identical ID;FALSE
HACD9;;HACD9;Identical ID;FALSE
HADPCOADH3;;HADPCOADH3;Identical ID;FALSE
HBADAS;;HBADAS;Identical ID;FALSE
HCAMULTI__45__RXN;R06782;;;TRUE
HCO3E;;HCO3E;Identical ID;FALSE
HCYSMT;;HCYSMT;Identical ID;FALSE
HEMEAS;;HEMEAS;Identical ID;FALSE
HEMEOS;;HEMEOS;Identical ID;FALSE
HEPTT;;HEPTT;Identical ID;FALSE
HEX1;;HEX1;Identical ID;FALSE
HEX4;;HEX4;Identical ID;FALSE
HEX7;;HEX7;Identical ID;FALSE
HEXTT;;HEXTT;Identical ID;FALSE
HGNTOR;;HGNTOR;Identical ID;FALSE
HIBD;;HIBD;Identical ID;FALSE
HISD;;HISNH4L;Changed ID;FALSE
HISt2r;;HISt2r;Identical ID;FALSE
HISTALDEHYD__45__RXN;R01163;HISTDa;KEGG;FALSE
HISTD;;HISTD;Identical ID;FALSE
HISTOLDEHYD__45__RXN;R03012;HISTDb;KEGG;FALSE
HISTP;;HISTP;Identical ID;FALSE
HISTRS;;HISTRS;Identical ID;FALSE
HKYNH;;HKYNH;Identical ID;FALSE
HMBS;;HMBS;Identical ID;FALSE
HMGL;;HMGL;Identical ID;FALSE
HMPK1;;HMPK1;Identical ID;FALSE
HMPK2;;HMPK2;Identical ID;FALSE
HMPK3;;HMPK3;Identical ID;FALSE
HMPK4;;HMPK4;Identical ID;FALSE
HOMt2;;HOMt2;Identical ID;FALSE
HPPK2;;HPPK2;Identical ID;FALSE
HPROb;;HPROb;Identical ID;FALSE
HPYRI;;HPYRI;Identical ID;FALSE
HSDy;;HSDy;Identical ID;FALSE
HSK;;HSK;Identical ID;FALSE
HSST;;HSST;Identical ID;FALSE
HSTPT;;HSTPT;Identical ID;FALSE
HXAND;;HXAND;Identical ID;FALSE
HXPRT;;HXPRT;Identical ID;FALSE
HYDROXYBENZALDEHYDE__45__OXIDATION__45__NAD__45__RXN;R01293;;;TRUE
HYDROXYBENZALDEHYDE__45__OXIDATION__45__NADP__45__RXN;R01294;;;TRUE
HYDROXYBENZOYLFORMATE__45__DECARBOXYLASE__45__RXN;R02672;;;TRUE
HYDROXYHEPTA__45__DIENEDIOATE__45__HYDROXY__45__RXN;['R06897', 'R04131', 'R04895'];;;TRUE
HYDROXYPYRUVATE__45__REDUCTASE__45__RXN_NADH;;;;TRUE
HYDROXYPYRUVATE__45__REDUCTASE__45__RXN_NADPH;;;;TRUE
IACGAMS2;;IACGAMS2;Identical ID;FALSE
IBCOATA;;IBCOATA;Identical ID;FALSE
IBMi;;IBTMr;Changed ID;FALSE
ICDHyr;;ICDHyr;Identical ID;FALSE
ICL;;ICL;Identical ID;FALSE
ICYSDS;;ICYSDS;Identical ID;FALSE
IDOND;;IDOND;Identical ID;FALSE
IDOND2;;IDOND2;Identical ID;FALSE
IDONt2r;;IDONt2r;Identical ID;FALSE
IG3PS;;IG3PS;Identical ID;FALSE
IGAMD;;IGAMD;Identical ID;FALSE
IGPDH;;IGPDH;Identical ID;FALSE
IGPS;;IGPS;Identical ID;FALSE
ILEabc;;ILEabc;Identical ID;FALSE
ILEDxi;;ILEDHr;Changed ID;FALSE
ILETA;;ILETA;Identical ID;FALSE
ILETRS;;ILETRS;Identical ID;FALSE
IMPC;;IMPC;Identical ID;FALSE
IMPD;;IMPD;Identical ID;FALSE
INDOLEt2r;;INDOLEt2r;Identical ID;FALSE
INOSTt4;;INOSTt4;Identical ID;FALSE
INS2D;;INS2D;Identical ID;FALSE
INSDH;;INSDH;Identical ID;FALSE
INSH;;INSH;Identical ID;FALSE
INSt2r;;INSt2;Changed ID;FALSE
IPDDI;;IPDDI;Identical ID;FALSE
IPDPS;;IPDPS;Identical ID;FALSE
IPMD;;IPMD;Identical ID;FALSE
IPPMIa;;IPPMIa;Identical ID;FALSE
IPPMIb;;IPPMIb;Identical ID;FALSE
IPPS;;IPPS;Identical ID;FALSE
ISOCHORSYN__45__RXN;R01717;ICHORS;biocyc, KEGG;FALSE
ITACONYL__45__COA__45__HYDRATASE__45__RXN;['R02490', 'R02491'];;;TRUE
IVCOATA;;IVCOATA;Identical ID;FALSE
IZPN;;IZPN;Identical ID;FALSE
Kabc;;Kabc;Identical ID;FALSE
KARA1i;;KARA1i;Identical ID;FALSE
KARA2i;;KARA2;Changed ID;FALSE
KAS14;;KAS14;Identical ID;FALSE
KAS15;;KAS15;Identical ID;FALSE
Kt2;;Kt2;Identical ID;FALSE
Kt3;;Kt3;Identical ID;FALSE
KYN;;KYN;Identical ID;FALSE
L__45__ARABINONATE__45__DEHYDRATASE__45__RXN;R02522;;;TRUE
L__45__ARABINONOLACTONASE__45__RXN;R02526;;;TRUE
L__45__GULONOLACTONE__45__OXIDASE__45__RXN;R03184;;;TRUE
L__45__LACD4;;L_LACD4;name;FALSE
L__45__LACt2r;;L_LACt2r;name;FALSE
LACZ;;LACZ;Identical ID;FALSE
LADGMDH;;LADGMDH;Identical ID;FALSE
LALADGLUt;;LALADGLUt;Identical ID;FALSE
LAUROYLACYLTRAN__45__RXN;R05146;;;TRUE
LCADi;;LCADi;Identical ID;FALSE
LCTSabc;;LCTSabc;Identical ID;FALSE
LDH_D;;LDH_D;Identical ID;FALSE
LEUabc;;LEUabc;Identical ID;FALSE
LEUTA;;LEUTA;Identical ID;FALSE
LEUTRS;;LEUTRS;Identical ID;FALSE
LFORKYNHYD;;LFORKYNHYD;Identical ID;FALSE
LINC__45__RXN;R05243;;;TRUE
LIPAMPL;;LIPAMPL;Identical ID;FALSE
LIPATPT;;LIPATPT;Identical ID;FALSE
LIPOCT;;LIPOCT;Identical ID;FALSE
LIPOS;;LIPOS;Identical ID;FALSE
LIPOt2;;LIPOt2;Identical ID;FALSE
LYSabc;;LYSabc;Identical ID;FALSE
LYSDC;;LYSDC;Identical ID;FALSE
LYSt2;;LYSt2r;Changed ID;FALSE
LYSt3;;LYSt3r;Changed ID;FALSE
LYSTRS;;LYSTRS;Identical ID;FALSE
LYXI;;LYXI;Identical ID;FALSE
LYXt2;;LYXt2;Identical ID;FALSE
MACACI;;MACACI;Identical ID;FALSE
MACPD;;MACPD;Identical ID;FALSE
MALACPMT;;MALACPMT;Identical ID;FALSE
MALATE__45____45__COA__45__LIGASE__45__RXN;R01256;;;TRUE
MALEATE__45__ISOMERASE__45__RXN;R01087;MALEI;biocyc, KEGG;FALSE
MALEYLPYRUVATE__45__ISOMERASE__45__RXN;R03868;;;TRUE
MALS;;MALS;Identical ID;FALSE
MALT;;MALT;Identical ID;FALSE
MALt2_2;;MALt2_2;Identical ID;FALSE
MALt3;;MALt3;Identical ID;FALSE
MALTabc;;MALTabc;Identical ID;FALSE
MALTATr;;MALTATr;Identical ID;FALSE
MALTHXabc;;MALTHXabc;Identical ID;FALSE
MALTOSE__45__PHOSPHORYLASE__45__RXN;R01555;;;TRUE
MALTPTabc;;MALTPTabc;Identical ID;FALSE
MALTTRabc;;MALTTRabc;Identical ID;FALSE
MALTTTRabc;;MALTTTRabc;Identical ID;FALSE
MALYL__45__COA__45__LYASE__45__RXN;R00473;;;TRUE
MAN1PT;;MAN1PT;Identical ID;FALSE
MAN6PI;;MAN6PI;Identical ID;FALSE
MANNITOL__45__1__45__PHOSPHATASE__45__RXN;R02167;;;TRUE
MANNONDEHYDRAT__45__RXN;R05606;;;TRUE
MANt2;;MANt2;Identical ID;FALSE
MCCC;;MCCC;Identical ID;FALSE
MCOATA;;MCOATA;Identical ID;FALSE
MCTP1A;;MCTP1A;Identical ID;FALSE
MCTP1B;;MCTP1B;Identical ID;FALSE
MCTP2A;;MCTP2A;Identical ID;FALSE
MDDCP1;;MDDCP1;Identical ID;FALSE
MDDCP2;;MDDCP2;Identical ID;FALSE
MDDCP3;;MDDCP3;Identical ID;FALSE
MDDCP4;;MDDCP4;Identical ID;FALSE
MDDCP5;;MDDCP5;Identical ID;FALSE
MDDEP1;;MDDEP1;Identical ID;FALSE
MDDEP2;;MDDEP2;Identical ID;FALSE
MDDEP3;;MDDEP3;Identical ID;FALSE
MDDEP4;;MDDEP4;Identical ID;FALSE
MDH;;MDH;Identical ID;FALSE
ME1;;ME1;Identical ID;FALSE
ME2;;ME2;Identical ID;FALSE
MECDPDH2;;MECDPDH2;Identical ID;FALSE
MECDPS;;MECDPS;Identical ID;FALSE
MELIBt2;;MELIBt2;Identical ID;FALSE
MELTGH;;MELTGH;Identical ID;FALSE
MELTt2;;MELTt2;Identical ID;FALSE
MEOHtr;;MEOHtr;Identical ID;FALSE
MEPCT;;MEPCT;Identical ID;FALSE
MERCAPYSTRANS__45__RXN;R03106;MCPST;biocyc, KEGG;FALSE
METabc;;METabc;Identical ID;FALSE
METAT;;METAT;Identical ID;FALSE
METB1r;;METB1;Changed ID;FALSE
METHYL__45__GLYOXAL__45__DEHYDROG__45__RXN;R00203;;;TRUE
METOX1s;;METOX1s;Identical ID;FALSE
METOX2s;;METOX2s;Identical ID;FALSE
METS;;METS;Identical ID;FALSE
METSOXR1;;METSOXR1;Identical ID;FALSE
METSOXR2;;METSOXR2;Identical ID;FALSE
METTRS;;METTRS;Identical ID;FALSE
MG2t;;MG2t;Identical ID;FALSE
MG2uabc;;MG2uabc;Identical ID;FALSE
MGCH;;MGCH;Identical ID;FALSE
MHPELY__45__RXN;R00750;HOPNTAL3;biocyc, KEGG;FALSE
MHPGLUT;;MHPGLUT;Identical ID;FALSE
MHPHYDROXY__45__RXN;R06786;;;TRUE
MI1PP;;MI1PP;Identical ID;FALSE
MI1PS;;MI1PS;Identical ID;FALSE
MI1PS2;;MI1PS2;Identical ID;FALSE
MLTG1;;MLTG1;Identical ID;FALSE
MLTG1e;;MLTG1e;Identical ID;FALSE
MLTG2;;MLTG2;Identical ID;FALSE
MLTG2e;;MLTG2e;Identical ID;FALSE
MLTG3;;MLTG3;Identical ID;FALSE
MLTG3e;;MLTG3e;Identical ID;FALSE
MLTG4;;MLTG4;Identical ID;FALSE
MLTG4e;;MLTG4e;Identical ID;FALSE
MLTG5;;MLTG5;Identical ID;FALSE
MLTG5e;;MLTG5e;Identical ID;FALSE
MLTP1;;MLTP1;Identical ID;FALSE
MLTP2;;MLTP2;Identical ID;FALSE
MLTP3;;MLTP3;Identical ID;FALSE
MME;;MME;Identical ID;FALSE
MMM;;MMM;Identical ID;FALSE
MMSAD3;;MMSAD3;Identical ID;FALSE
MMSAD4;;MMTSAO;Changed ID;FALSE
MMSAD5;;MMSAD5;Identical ID;FALSE
MN2t3;;MN2t3;Identical ID;FALSE
MNLabc;;MNLabc;Identical ID;FALSE
MNLD;;MNLDH2;Changed ID;FALSE
MNt2;;MNt2;Identical ID;FALSE
MOADSUx;;MOADSUx;Identical ID;FALSE
MOBDabc;;MOBDabc;Identical ID;FALSE
MOCOS;;MOCOS;Identical ID;FALSE
MOGDS;;MOGDS;Identical ID;FALSE
MOHMT;;MOHMT;Identical ID;FALSE
MPTAT;;MPTAT;Identical ID;FALSE
MPTG;;MPTG;Identical ID;FALSE
MPTG2;;MPTG2;Identical ID;FALSE
MPTS;;MPTS;Identical ID;FALSE
MPTSS;;MPTSS;Identical ID;FALSE
MSHS;;MSHS;Identical ID;FALSE
MTAN;;MTAN;Identical ID;FALSE
MTAP;;MTAP;Identical ID;FALSE
MTHFC;;MTHFC;Identical ID;FALSE
MTHFD;;MTHFD;Identical ID;FALSE
MTHFR2;;MTHFR2;Identical ID;FALSE
MTI;;MTI;Identical ID;FALSE
MTRI;;MTRI;Identical ID;FALSE
MUCCY;;MUCCY;Identical ID;FALSE
MYCTR;;MYCTR;Identical ID;FALSE
MYO__45__INOSITOL__45__1OR__45__4__45__MONOPHOSPHATASE__45__RXN;R01187;;;TRUE
N__45__ACETYLNEURAMINATE__45__SYNTHASE__45__RXN;R01804;;;TRUE
N2Ot;;N2Ot;Identical ID;FALSE
NACt;;NACt;Identical ID;FALSE
NADDP;;NADDP;Identical ID;FALSE
NADH10;;NADH10b;Changed ID;FALSE
NADH17;;NADH17b;Changed ID;FALSE
NADK;;NADK;Identical ID;FALSE
NADS1;;NADS1;Identical ID;FALSE
NADS2;;NADS2;Identical ID;FALSE
NADTRHD;;NADTRHD;Identical ID;FALSE
NAMNPP;;NAMNPP;Identical ID;FALSE
NAt3;;NAt3_1;Changed ID;FALSE
NAt3_2;;NAt3_2;Identical ID;FALSE
NDPK1;;NDPK1;Identical ID;FALSE
NDPK2;;NDPK2;Identical ID;FALSE
NDPK3;;NDPK3;Identical ID;FALSE
NDPK4;;NDPK4;Identical ID;FALSE
NDPK5;;NDPK5;Identical ID;FALSE
NDPK6;;NDPK6;Identical ID;FALSE
NDPK7;;NDPK7;Identical ID;FALSE
NDPK8;;NDPK8;Identical ID;FALSE
NDPK9;;NDPK9;Identical ID;FALSE
NH4t;;NH4t;Identical ID;FALSE
NI2t;;NI2t;Identical ID;FALSE
NI2t3;;NI2t3;Identical ID;FALSE
NI2uabc;;Niabc;Changed ID;FALSE
NMNAMIDOHYDRO__45__RXN;R02322;;;TRUE
NMNAT;;NMNAT;Identical ID;FALSE
NMNPt;;NMNP;Changed ID;FALSE
NNAM;;NNAM;Identical ID;FALSE
NNAT;;NNATr;Changed ID;FALSE
NNDMBRT;;NNDMBRT;Identical ID;FALSE
NNDPR;;NNDPR;Identical ID;FALSE
NO2t2r;;NO2t2r;Identical ID;FALSE
NO3R2;;NO3R2;Identical ID;FALSE
NO3t7;;NO3t7;Identical ID;FALSE
NODOx;;NODOx;Identical ID;FALSE
NODOy;;NODOy;Identical ID;FALSE
NOt;;NOt;Identical ID;FALSE
NTD10e;;NTD10e;Identical ID;FALSE
NTD11e;;NTD11e;Identical ID;FALSE
NTD12e;;NTD12e;Identical ID;FALSE
NTD1e;;NTD1e;Identical ID;FALSE
NTD2e;;NTD2e;Identical ID;FALSE
NTD3e;;NTD3e;Identical ID;FALSE
NTD4e;;NTD4e;Identical ID;FALSE
NTD5e;;NTD5e;Identical ID;FALSE
NTD6e;;NTD6e;Identical ID;FALSE
NTD7e;;NTD7e;Identical ID;FALSE
NTD8e;;NTD8e;Identical ID;FALSE
NTD9e;;NTD9e;Identical ID;FALSE
NTP1;;NTP1;Identical ID;FALSE
NTP10;;NTP10;Identical ID;FALSE
NTP3;;NTP3;Identical ID;FALSE
NTP5;;NTP5;Identical ID;FALSE
NTPP1;;NTPP1;Identical ID;FALSE
NTPP10;;NTPP10;Identical ID;FALSE
NTPP11;;NTPP11;Identical ID;FALSE
NTPP2;;NTPP2;Identical ID;FALSE
NTPP3;;NTPP3;Identical ID;FALSE
NTPP4;;NTPP4;Identical ID;FALSE
NTPP5;;NTPP5;Identical ID;FALSE
NTPP6;;NTPP6;Identical ID;FALSE
NTPP7;;NTPP7;Identical ID;FALSE
NTPP8;;NTPP8;Identical ID;FALSE
NTPP9;;NTPP9;Identical ID;FALSE
NTPTP1;;NTPTP1;Identical ID;FALSE
NTPTP2;;NTPTP2;Identical ID;FALSE
NTRIR2x;;NTRIR2x;Identical ID;FALSE
O2t;;O2t;Identical ID;FALSE
OCBTi;;OCT;Changed ID;FALSE
OCOAT1;;OCOAT1;Identical ID;FALSE
OCTNLL;;OCTNLL;Identical ID;FALSE
OCTTT;;OCTTT;Identical ID;FALSE
OGMEACPD;;OGMEACPD;Identical ID;FALSE
OGMEACPR;;OGMEACPR;Identical ID;FALSE
OGMEACPS2;;OGMEACPS2;Identical ID;FALSE
OHPBAT;;OHPBAT;Identical ID;FALSE
OIVD1;;OIVD1r;Changed ID;FALSE
OIVD2;;OIVD2;Identical ID;FALSE
OIVD3;;OIVD3;Identical ID;FALSE
OMCDC;;OMCDC;Identical ID;FALSE
OMPDC;;OMPDC;Identical ID;FALSE
OPMEACPD;;OPMEACPD;Identical ID;FALSE
OPMEACPR;;OPMEACPR;Identical ID;FALSE
OPMEACPS;;OPMEACPS;Identical ID;FALSE
ORNabc;;ORNabc;Identical ID;FALSE
ORNDC;;ORNDC;Identical ID;FALSE
ORNTA;;ORNTA;Identical ID;FALSE
ORNTAC;;ORNTAC;Identical ID;FALSE
OROTt2_2;;OROTt2_2;Identical ID;FALSE
ORPT;;ORPT;Identical ID;FALSE
OXCDC;;OXCDC;Identical ID;FALSE
OXDHCOAT;;OXDHCOAT;Identical ID;FALSE
OXOAEL;;OXOAEL;Identical ID;FALSE
OXPTNDH;;OXPTNDH;Identical ID;FALSE
P5CD;;P5CD;Identical ID;FALSE
P5CR;;P5CR;Identical ID;FALSE
PACALDt2r;;PACALDt2r;Identical ID;FALSE
PACCOAE;;PACCOAE;Identical ID;FALSE
PACCOAL;;PACCOAL;Identical ID;FALSE
PACCOATE;;PHACTE;Changed ID;FALSE
PANTS;;PANTS;Identical ID;FALSE
PAPA120;;PAPA120;Identical ID;FALSE
PAPA140;;PAPA140;Identical ID;FALSE
PAPA141;;PAPA141;Identical ID;FALSE
PAPA150;;PAPA150;Identical ID;FALSE
PAPA160;;PAPA160;Identical ID;FALSE
PAPA161;;PAPA161;Identical ID;FALSE
PAPA170;;PAPA170;Identical ID;FALSE
PAPA180;;PAPA180;Identical ID;FALSE
PAPA181;;PAPA181;Identical ID;FALSE
PAPAai150;;PAPAai150;Identical ID;FALSE
PAPAai170;;PAPAai170;Identical ID;FALSE
PAPAi140;;PAPAi140;Identical ID;FALSE
PAPAi150;;PAPAi150;Identical ID;FALSE
PAPAi160;;PAPAi160;Identical ID;FALSE
PAPAi170;;PAPAi170;Identical ID;FALSE
PAPAi180;;PAPAi180;Identical ID;FALSE
PAPPT3;;PAPPT3;Identical ID;FALSE
PAPSR;;PAPSR;Identical ID;FALSE
PAPSR3;;PAPSR3;Identical ID;FALSE
PC;;PC;Identical ID;FALSE
PC11M;;PC11M;Identical ID;FALSE
PC17M;;PC17M;Identical ID;FALSE
PC20M;;PC20M;Identical ID;FALSE
PC3BS;;PC3BS;Identical ID;FALSE
PC6AR;;PC6AR;Identical ID;FALSE
PC6AS;;PC6AS;Identical ID;FALSE
PC6YM;;PC6YM;Identical ID;FALSE
PC8XM;;PC8XM;Identical ID;FALSE
PCADYOX;;PCADYOX;Identical ID;FALSE
PCOATA;;PCOATA;Identical ID;FALSE
PCPpdsredO;;PCPpdsredO;Identical ID;FALSE
PCPSredO;;PCPSredO;Identical ID;FALSE
PDE1;;PDE1;Identical ID;FALSE
PDE4;;PDE4;Identical ID;FALSE
PDH;;PDH;Identical ID;FALSE
PDX5POi;;PDX5POi;Identical ID;FALSE
PEAMNO;;PEAMNO;Identical ID;FALSE
PENTT;;PPTT;Changed ID;FALSE
PEPCK;;PEPCK;Identical ID;FALSE
PFK;;PFK;Identical ID;FALSE
PFK_2;;PFK_2;Identical ID;FALSE
PFK_3;;PFK_3;Identical ID;FALSE
PGAMT;;PGAMT;Identical ID;FALSE
PGCD;;PGCD;Identical ID;FALSE
PGI;;PGI;Identical ID;FALSE
PGK;;PGK;Identical ID;FALSE
PGL;;PGL;Identical ID;FALSE
PGM;;PGM;Identical ID;FALSE
PGMT;;PGMT;Identical ID;FALSE
PGSA120;;PGSA120;Identical ID;FALSE
PGSA140;;PGSA140;Identical ID;FALSE
PGSA141;;PGSA141;Identical ID;FALSE
PGSA150;;PGSA150;Identical ID;FALSE
PGSA160;;PGSA160;Identical ID;FALSE
PGSA161;;PGSA161;Identical ID;FALSE
PGSA170;;PGSA170;Identical ID;FALSE
PGSA180;;PGSA180;Identical ID;FALSE
PGSA181;;PGSA181;Identical ID;FALSE
PGSAai150;;PGSAai150;Identical ID;FALSE
PGSAai170;;PGSAai170;Identical ID;FALSE
PGSAi140;;PGSAi140;Identical ID;FALSE
PGSAi150;;PGSAi150;Identical ID;FALSE
PGSAi160;;PGSAi160;Identical ID;FALSE
PGSAi170;;PGSAi170;Identical ID;FALSE
PGSAi180;;PGSAi180;Identical ID;FALSE
PHCD;;PHCD;Identical ID;FALSE
PHCHGS;;PHCHGS;Identical ID;FALSE
PHEt2r;;PHEt2r;Identical ID;FALSE
PHETA1;;PHETA1;Identical ID;FALSE
PHETRS;;PHETRS;Identical ID;FALSE
PHOSPHAGLYPSYN__45__RXN;R01801;;;TRUE
PHOSPHASERDECARB__45__RXN;R02055;;;TRUE
PHYCBOXL;;PHYCBOXL;Identical ID;FALSE
PINOS120;;PINOS120;Identical ID;FALSE
PINOS140;;PINOS140;Identical ID;FALSE
PINOS141;;PINOS141;Identical ID;FALSE
PINOS150;;PINOS150;Identical ID;FALSE
PINOS160;;PINOS160;Identical ID;FALSE
PINOS161;;PINOS161;Identical ID;FALSE
PINOS170;;PINOS170;Identical ID;FALSE
PINOS180;;PINOS180;Identical ID;FALSE
PINOS181;;PINOS181;Identical ID;FALSE
PINOSai150;;PINOSai150;Identical ID;FALSE
PINOSai170;;PINOSai170;Identical ID;FALSE
PINOSi140;;PINOSi140;Identical ID;FALSE
PINOSi150;;PINOSi150;Identical ID;FALSE
PINOSi160;;PINOSi160;Identical ID;FALSE
PINOSi170;;PINOSi170;Identical ID;FALSE
PINOSi180;;PINOSi180;Identical ID;FALSE
PIt2r;;PIt2r;Identical ID;FALSE
Piuabc;;Piabc;Changed ID;FALSE
PKT;;DX5PGLYCPL;Changed ID;FALSE
PMANM;;PMANM;Identical ID;FALSE
PMDPHT;;PMDPHT;Identical ID;FALSE
PMEACPE;;PMEACPE;Identical ID;FALSE
PMPK;;PMPK;Identical ID;FALSE
PNTK;;PNTK;Identical ID;FALSE
PNTOt4;;PNTOt4;Identical ID;FALSE
POX3;;POX3;Identical ID;FALSE
PPA;;PPA;Identical ID;FALSE
PPA_1;;PPA_1;Identical ID;FALSE
PPAKr;;PPAKr;Identical ID;FALSE
PPAt4;;PPAt4;Identical ID;FALSE
PPBNGS;;PPBNGS;Identical ID;FALSE
PPC;;PPC;Identical ID;FALSE
PPCDC;;PPCDC;Identical ID;FALSE
PPCOAC;;PPCOAC;Identical ID;FALSE
PPDK;;PPDK;Identical ID;FALSE
PPGPPDP;;PPGPPDP;Identical ID;FALSE
PPK2r;;PPK2r;Identical ID;FALSE
PPM;;PPM;Identical ID;FALSE
PPM2;;PPM2;Identical ID;FALSE
PPNCL2;;PPNCL2;Identical ID;FALSE
PPND;;PPND;Identical ID;FALSE
PPNDH;;PPNDH;Identical ID;FALSE
PPPGO;;PPPGO;Identical ID;FALSE
PPRDNDH;;PPRDNDH;Identical ID;FALSE
PRAGSr;;PRAGSr;Identical ID;FALSE
PRAIi;;PRAIi;Identical ID;FALSE
PRAIS;;PRAIS;Identical ID;FALSE
PRAMPC;;PRAMPC;Identical ID;FALSE
PRASCSi;;PRASCSi;Identical ID;FALSE
PRATPP;;PRATPP;Identical ID;FALSE
PRDX;;PRDX;Identical ID;FALSE
PRFGS;;PRFGS;Identical ID;FALSE
PRMICIi;;PRMICI;Changed ID;FALSE
PROabc;;PROabc;Identical ID;FALSE
PROD2;;PROD2;Identical ID;FALSE
PROLINE__45__RACEMASE__45__RXN;R01255;;;TRUE
PROPCOASYN__45__RXN;R00924;PCFO;KEGG;FALSE
PROt2r;;PROt2r;Identical ID;FALSE
PROt4;;PROt4;Identical ID;FALSE
PROTRS;;PROTRS;Identical ID;FALSE
PRPPS;;PRPPS;Identical ID;FALSE
PSCVT;;PSCVT;Identical ID;FALSE
PSD120;;PSD120;Identical ID;FALSE
PSD140;;PSD140;Identical ID;FALSE
PSD141;;PSD141;Identical ID;FALSE
PSD150;;PSD150;Identical ID;FALSE
PSD160;;PSD160;Identical ID;FALSE
PSD161;;PSD161;Identical ID;FALSE
PSD170;;PSD170;Identical ID;FALSE
PSD180;;PSD180;Identical ID;FALSE
PSD181;;PSD181;Identical ID;FALSE
PSDai150;;PSDai150;Identical ID;FALSE
PSDai170;;PSDai170;Identical ID;FALSE
PSDi140;;PSDi140;Identical ID;FALSE
PSDi150;;PSDi150;Identical ID;FALSE
PSDi160;;PSDi160;Identical ID;FALSE
PSDi170;;PSDi170;Identical ID;FALSE
PSDi180;;PSDi180;Identical ID;FALSE
PSERT;;PSERT;Identical ID;FALSE
PSP_L;;PSP_L;Identical ID;FALSE
PSSA120;;PSSA120;Identical ID;FALSE
PSSA140;;PSSA140;Identical ID;FALSE
PSSA141;;PSSA141;Identical ID;FALSE
PSSA150;;PSSA150;Identical ID;FALSE
PSSA160;;PSSA160;Identical ID;FALSE
PSSA161;;PSSA161;Identical ID;FALSE
PSSA170;;PSSA170;Identical ID;FALSE
PSSA180;;PSSA180;Identical ID;FALSE
PSSA181;;PSSA181;Identical ID;FALSE
PSSAai150;;PSSAai150;Identical ID;FALSE
PSSAai170;;PSSAai170;Identical ID;FALSE
PSSAi140;;PSSAi140;Identical ID;FALSE
PSSAi150;;PSSAi150;Identical ID;FALSE
PSSAi160;;PSSAi160;Identical ID;FALSE
PSSAi170;;PSSAi170;Identical ID;FALSE
PSSAi180;;PSSAi180;Identical ID;FALSE
PTA2;;PTA2;Identical ID;FALSE
PTAr;;PTAr;Identical ID;FALSE
PTPATi;;PTPATi;Identical ID;FALSE
PTRCabc;;PTRCabc;Identical ID;FALSE
PTRCt2;;PTRCt2;Identical ID;FALSE
PTRCTA;;PTRCTA;Identical ID;FALSE
PUNP1;;PUNP1;Identical ID;FALSE
PUNP2;;PUNP2;Identical ID;FALSE
PUNP3;;PUNP3;Identical ID;FALSE
PUNP4;;PUNP4;Identical ID;FALSE
PUNP5;;PUNP5;Identical ID;FALSE
PUNP6;;PUNP6;Identical ID;FALSE
PUNP7;;PUNP7;Identical ID;FALSE
PUTA3;;PUTA3;Identical ID;FALSE
PYAM5PO;;PYAM5PO;Identical ID;FALSE
PYDAMK;;PYDAMK;Identical ID;FALSE
PYDAMt;;PYDAMt;Identical ID;FALSE
PYDXK;;PYDXK;Identical ID;FALSE
PYDXNK;;PYDXNK;Identical ID;FALSE
PYDXNt;;PYDXNt;Identical ID;FALSE
PYDXPS;;PYDXPS;Identical ID;FALSE
PYDXt;;PYDXt;Identical ID;FALSE
PYK;;PYK;Identical ID;FALSE
PYRIDOXINE__45__4__45__DEHYDROGENASE__45__RXN;R01708;;;TRUE
PYRt2r;;PYRt2;Changed ID;FALSE
PYRUFLAVREDUCT__45__RXN;R01196;;;TRUE
QMO3;;QMO3;Identical ID;FALSE
QULNS;;QULNS;Identical ID;FALSE
R01172;R01172;;;TRUE
R01176;R01176;;;TRUE
R01618;R01618;;;TRUE
R01785;R01785;;;TRUE
R01902;R01902;;;TRUE
R02252;R02252;;;TRUE
R02457;R02457;;;TRUE
R02894;R02894;;;TRUE
R02923;R02923;;;TRUE
R03105;R03105;MCPST2;Changed ID;FALSE
R03391;R03391;;;TRUE
R04215;R04215;;;TRUE
R04221;R04221;;;TRUE
R04800_NADH;R04800;;;TRUE
R04800_NADPH;R04800;;;TRUE
R05590;R05590;;;TRUE
R11__45__RXN;R01179;;;TRUE
R125__45__RXN;;;;TRUE
R229__45__RXN;R05789;;;TRUE
R265__45__RXN;R09252;;;TRUE
R282__45__RXN;R05619;;;TRUE
R311__45__RXN;R05551;;;TRUE
R364__45__RXN_NADH;;;;TRUE
R364__45__RXN_NADPH;;;;TRUE
R8__45__RXN;R07832;;;TRUE
RAFGH;;RAFGH;Identical ID;FALSE
RAFt2;;RAFFINt2;Changed ID;FALSE
RBFK;;RBFK;Identical ID;FALSE
RBFSa;;RBFSa;Identical ID;FALSE
RBFSb;;RBFSb;Identical ID;FALSE
RBK;;RBK;Identical ID;FALSE
RBK_L1;;RBK_L1;Identical ID;FALSE
RBP4E;;RBP4E;Identical ID;FALSE
REDS1;;REDS1;Identical ID;FALSE
REDS10;;REDS10;Identical ID;FALSE
REDS11;;REDS11;Identical ID;FALSE
REDS12;;REDS12;Identical ID;FALSE
REDS13x;;REDS13x;Identical ID;FALSE
REDS13y;;REDS13y;Identical ID;FALSE
REDS14;;REDS14;Identical ID;FALSE
REDS15;;REDS15;Identical ID;FALSE
REDS16;;REDS16;Identical ID;FALSE
REDS17x;;REDS17x;Identical ID;FALSE
REDS17y;;REDS17y;Identical ID;FALSE
REDS18;;REDS18;Identical ID;FALSE
REDS19;;REDS19;Identical ID;FALSE
REDS2;;REDS2;Identical ID;FALSE
REDS20;;REDS20;Identical ID;FALSE
REDS21x;;REDS21x;Identical ID;FALSE
REDS21y;;REDS21y;Identical ID;FALSE
REDS22;;REDS22;Identical ID;FALSE
REDS23;;REDS23;Identical ID;FALSE
REDS24;;REDS24;Identical ID;FALSE
REDS25;;REDS25;Identical ID;FALSE
REDS26;;REDS26;Identical ID;FALSE
REDS27;;REDS27;Identical ID;FALSE
REDS28;;REDS28;Identical ID;FALSE
REDS29;;REDS29;Identical ID;FALSE
REDS3;;REDS3;Identical ID;FALSE
REDS30;;REDS30;Identical ID;FALSE
REDS31;;REDS31;Identical ID;FALSE
REDS32;;REDS32;Identical ID;FALSE
REDS33;;REDS33;Identical ID;FALSE
REDS34;;REDS34;Identical ID;FALSE
REDS35;;REDS35;Identical ID;FALSE
REDS36;;REDS36;Identical ID;FALSE
REDS37;;REDS37;Identical ID;FALSE
REDS4;;REDS4;Identical ID;FALSE
REDS5x;;REDS5x;Identical ID;FALSE
REDS5y;;REDS5y;Identical ID;FALSE
REDS6;;REDS6;Identical ID;FALSE
REDS7;;REDS7;Identical ID;FALSE
REDS8;;REDS8;Identical ID;FALSE
REDS9x;;REDS9x;Identical ID;FALSE
REDS9y;;REDS9y;Identical ID;FALSE
REPHACCOAI;;REPHACCOAI;Identical ID;FALSE
RIBabc;;RIBabc;Identical ID;FALSE
RIBITOL__45__2__45__DEHYDROGENASE__45__RXN;R01895;;;TRUE
RMI;;RMI;Identical ID;FALSE
RMK;;RMK;Identical ID;FALSE
RMNabc;;RMNabc;Identical ID;FALSE
RMPA;;RMPA;Identical ID;FALSE
RNDR1;;RNDR1;Identical ID;FALSE
RNDR1c;;RNDR5;Changed ID;FALSE
RNDR2;;RNDR2;Identical ID;FALSE
RNDR2c;;RNDR6;Changed ID;FALSE
RNDR3;;RNDR3;Identical ID;FALSE
RNDR3c;;RNDR7;Changed ID;FALSE
RNDR4;;RNDR4;Identical ID;FALSE
RNDR4c;;RNDR8;Changed ID;FALSE
RPE;;RPE;Identical ID;FALSE
RPI;;RPI;Identical ID;FALSE
RXN__45__0;R01154;;;TRUE
RXN__45__10035;;;;TRUE
RXN__45__10040;R06787;;;TRUE
RXN__45__10139;;;;TRUE
RXN__45__10445;R01085;;;TRUE
RXN__45__10723;;;;TRUE
RXN__45__10898;;;;TRUE
RXN__45__10901;;;;TRUE
RXN__45__10995_NADH;;;;TRUE
RXN__45__10995_NADPH;;;;TRUE
RXN__45__10996;;;;TRUE
RXN__45__10997;;;;TRUE
RXN__45__10998;;;;TRUE
RXN__45__11002;R09281;;;TRUE
RXN__45__11023;R09244;;;TRUE
RXN__45__11080;;;;TRUE
RXN__45__11081;;;;TRUE
RXN__45__11186;;;;TRUE
RXN__45__11187;;;;TRUE
RXN__45__11210;;;;TRUE
RXN__45__11211;R03055;;;TRUE
RXN__45__1126;R01943;;;TRUE
RXN__45__11407;R09447;;;TRUE
RXN__45__11565;R09080;;;TRUE
RXN__45__11566;R09079;;;TRUE
RXN__45__11689;;;;TRUE
RXN__45__11728;;;;TRUE
RXN__45__11737;R02433;;;TRUE
RXN__45__11791;;;;TRUE
RXN__45__11805;;;;TRUE
RXN__45__11861;R03549;;;TRUE
RXN__45__11968;;;;TRUE
RXN__45__12072;R06783;;;TRUE
RXN__45__12095;;;;TRUE
RXN__45__12223_NADH;R09671;;;TRUE
RXN__45__12223_NADPH;R09671;;;TRUE
RXN__45__12225_NADH;;;;TRUE
RXN__45__12225_NADPH;;;;TRUE
RXN__45__12246;R02427;;;TRUE
RXN__45__12345;;;;TRUE
RXN__45__12398;;;;TRUE
RXN__45__12399;;;;TRUE
RXN__45__12400;;;;TRUE
RXN__45__12402;;;;TRUE
RXN__45__12440;;;;TRUE
RXN__45__12540;;;;TRUE
RXN__45__12541;;;;TRUE
RXN__45__12653;R10162;;;TRUE
RXN__45__12654;;;;TRUE
RXN__45__12703_NADH;;;;TRUE
RXN__45__12703_NADPH;;;;TRUE
RXN__45__12707_NADH;;;;TRUE
RXN__45__12707_NADPH;;;;TRUE
RXN__45__12735;;;;TRUE
RXN__45__12752;;;;TRUE
RXN__45__12753;;;;TRUE
RXN__45__12754;;;;TRUE
RXN__45__12848;R09859;;;TRUE
RXN__45__12876;R07679;;;TRUE
RXN__45__12900;;;;TRUE
RXN__45__12921;;;;TRUE
RXN__45__12931;;;;TRUE
RXN__45__12940_NADH;;;;TRUE
RXN__45__12940_NADPH;;;;TRUE
RXN__45__12943;;;;TRUE
RXN__45__12975;;;;TRUE
RXN__45__12976;;;;TRUE
RXN__45__13068_NADH;;;;TRUE
RXN__45__13068_NADPH;;;;TRUE
RXN__45__13072;R00269;;;TRUE
RXN__45__13129;;;;TRUE
RXN__45__13141;;;;TRUE
RXN__45__13142;;;;TRUE
RXN__45__13194;R10072;;;TRUE
RXN__45__13463;;;;TRUE
RXN__45__13528_NADH;;;;TRUE
RXN__45__13528_NADPH;;;;TRUE
RXN__45__13530;;;;TRUE
RXN__45__13533;;;;TRUE
RXN__45__13704;;;;TRUE
RXN__45__13783_NADH;;;;TRUE
RXN__45__13783_NADPH;;;;TRUE
RXN__45__14147;;;;TRUE
RXN__45__14196;R01395;;;TRUE
RXN__45__14395;;;;TRUE
RXN__45__14429;;;;TRUE
RXN__45__14430;;;;TRUE
RXN__45__14431;;;;TRUE
RXN__45__14500;;;;TRUE
RXN__45__14515;;;;TRUE
RXN__45__14536;;;;TRUE
RXN__45__14670;;;;TRUE
RXN__45__14671;;;;TRUE
RXN__45__14724;;;;TRUE
RXN__45__14809;;;;TRUE
RXN__45__14910;;;;TRUE
RXN__45__15124;;;;TRUE
RXN__45__15131;;;;TRUE
RXN__45__15264;;;;TRUE
RXN__45__15356;;;;TRUE
RXN__45__15585;;;;TRUE
RXN__45__15586;;;;TRUE
RXN__45__15590;;;;TRUE
RXN__45__15819;;;;TRUE
RXN__45__15892_NADH;;;;TRUE
RXN__45__15892_NADPH;;;;TRUE
RXN__45__15893;;;;TRUE
RXN__45__15902;;;;TRUE
RXN__45__15905;;;;TRUE
RXN__45__15907;;;;TRUE
RXN__45__15920;;;;TRUE
RXN__45__15924;;;;TRUE
RXN__45__15946;;;;TRUE
RXN__45__15999;;;;TRUE
RXN__45__16164_NADH;;;;TRUE
RXN__45__16164_NADPH;;;;TRUE
RXN__45__16262;;;;TRUE
RXN__45__16308;;;;TRUE
RXN__45__16310;;;;TRUE
RXN__45__16912;;;;TRUE
RXN__45__16964;;;;TRUE
RXN__45__16992;;;;TRUE
RXN__45__17129;;;;TRUE
RXN__45__17143;;;;TRUE
RXN__45__17165;;;;TRUE
RXN__45__17568;;;;TRUE
RXN__45__17569;;;;TRUE
RXN__45__17571;;;;TRUE
RXN__45__17572;;;;TRUE
RXN__45__17612;;;;TRUE
RXN__45__17615;;;;TRUE
RXN__45__17645;;;;TRUE
RXN__45__17982;;;;TRUE
RXN__45__18029;;;;TRUE
RXN__45__18036;;;New reaction, hydroxysqualene synhtesis;TRUE
RXN__45__18387;;;;TRUE
RXN__45__18404;;;;TRUE
RXN__45__1884;R07675;;;TRUE
RXN__45__2001;R02255;;;TRUE
RXN__45__2464;R00350;;;TRUE
RXN__45__2881;R09093;;;TRUE
RXN__45__2961;R06982;;;TRUE
RXN__45__2962_NADH;['R06983', 'R07140'];;;TRUE
RXN__45__2962_NADPH;['R06983', 'R07140'];;;TRUE
RXN__45__37;R05050;;;TRUE
RXN__45__4821;R04336;;;TRUE
RXN__45__4822;R04467;;;TRUE
RXN__45__4961;R07323;SQLCYC2;KEGG;FALSE
RXN__45__5285;R06286;;;TRUE
RXN__45__5721;R04293;;;TRUE
RXN__45__5861;['R00731', 'R00031'];;;TRUE
RXN__45__5901;R01977;;;TRUE
RXN__45__5921_NADH;;;;TRUE
RXN__45__5921_NADPH;;;;TRUE
RXN__45__6081_NADH;;;;TRUE
RXN__45__6081_NADPH;;;;TRUE
RXN__45__6201;R06604;OHCUS;KEGG;FALSE
RXN__45__6268;;;;TRUE
RXN__45__6383;R03045;HPHL;KEGG;FALSE
RXN__45__6423;R07408;;;TRUE
RXN__45__6581;;;;TRUE
RXN__45__663;R05235;;;TRUE
RXN__45__6902;;;;TRUE
RXN__45__7587;R04282;;;TRUE
RXN__45__7593_NADH;;;;TRUE
RXN__45__7593_NADPH;;;;TRUE
RXN__45__7644;R00875;;;TRUE
RXN__45__7908;R04734;;;TRUE
RXN__45__7933;R09107;;;TRUE
RXN__45__8;R08714;;;TRUE
RXN__45__8003_NADH;;;;TRUE
RXN__45__8003_NADPH;;;;TRUE
RXN__45__8022_NADH;R04798;;;TRUE
RXN__45__8022_NADPH;R04798;;;TRUE
RXN__45__8023_NADH;;;;TRUE
RXN__45__8023_NADPH;;;;TRUE
RXN__45__8024_NADH;R04787;;;TRUE
RXN__45__8024_NADPH;R04787;;;TRUE
RXN__45__8060;;;;TRUE
RXN__45__8077;R09397;LPPGS;biocyc, KEGG;FALSE
RXN__45__8078;R09398;LPFPLT;biocyc, KEGG;FALSE
RXN__45__8079;R09396;4HXPUHBT;KEGG;FALSE
RXN__45__8080;;GF4GL_0;biocyc;FALSE
RXN__45__8081;;;;TRUE
RXN__45__8182;;;;TRUE
RXN__45__8406_NADH;;;;TRUE
RXN__45__8406_NADPH;;;;TRUE
RXN__45__8460;['R02075', 'R08836'];;;TRUE
RXN__45__8461;R08837;;;TRUE
RXN__45__8527;R02762;;;TRUE
RXN__45__8529;R03966;;;TRUE
RXN__45__8568;;;;TRUE
RXN__45__8580;R05347;;;TRUE
RXN__45__8581;R05282;;;TRUE
RXN__45__8582;;;;TRUE
RXN__45__8583;;;;TRUE
RXN__45__864;R05588;;;TRUE
RXN__45__8648;R07647;GRMCROS;KEGG;FALSE
RXN__45__865;;;;TRUE
RXN__45__8675;R07238;SAMP1MET;KEGG;FALSE
RXN__45__8743;;;;TRUE
RXN__45__8781_NADH;;;;TRUE
RXN__45__8781_NADPH;;;;TRUE
RXN__45__8783;R02933;;;TRUE
RXN__45__8784;['R00647', 'R00647'];;;TRUE
RXN__45__8824;;;;TRUE
RXN__45__8956;R08197;;;TRUE
RXN__45__8959;;;;TRUE
RXN__45__8961;R00934;;;TRUE
RXN__45__8964;R00406;;;TRUE
RXN__45__8987;R02407;;;TRUE
RXN__45__902;R05599;;;TRUE
RXN__45__905;;;;TRUE
RXN__45__9193;R08099;;;TRUE
RXN__45__9349;R07830;EPIZSYN;KEGG;FALSE
RXN__45__9350;R08851;ALBFLOLS;KEGG;FALSE
RXN__45__9351;R08853;ALBFLOLR;KEGG;FALSE
RXN__45__9352;R08852;ALBFLONS;KEGG;FALSE
RXN__45__9353;R08854;ALBFLONR;KEGG;FALSE
RXN__45__9382;;;;TRUE
RXN__45__9394;R06390;;;TRUE
RXN__45__9421;R06392;;;TRUE
RXN__45__9475;;;;TRUE
RXN__45__9476;;;;TRUE
RXN__45__9718;;;;TRUE
RXN__45__9832;R06891;;;TRUE
RXN__45__9909;;;;TRUE
RXN__45__9910;;;;TRUE
RXN__45__9931;;;;TRUE
RXN__45__9932;R08912;;;TRUE
RXN__45__9933;R08913;;;TRUE
RXN__45__9990;R01117;;;TRUE
RXN0__45__1861;R07658;;;TRUE
RXN0__45__1862;R07660;;;TRUE
RXN0__45__366;R01677;;;TRUE
RXN0__45__3921;R07415;;;TRUE
RXN0__45__3922;['R07417', 'R07418'];;;TRUE
RXN0__45__4301;['R09768', 'R05645'];;;TRUE
RXN0__45__4341;R05646;;;TRUE
RXN0__45__4342;R05644;;;TRUE
RXN0__45__5222;R07316;;;TRUE
RXN0__45__5306;;;;TRUE
RXN0__45__5398;R01055;;;TRUE
RXN0__45__6727;;;;TRUE
RXN0__45__6732;;;;TRUE
RXN1F__45__10;R03845;;;TRUE
RXN1F__45__150;R05341;;;TRUE
RXN1F__45__151;R03824;;;TRUE
RXN1F__45__20;R03877;;;TRUE
RXN1K__45__87;R04134;;;TRUE
RXN66__45__447;;;;TRUE
RXN66__45__81;;;;TRUE
RXNARA__45__8002;R07270;;;TRUE
RXNDQC__45__2;;;;TRUE
RXNN__45__404;R03096;;;TRUE
RZ5PP;;RZ5PP;Identical ID;FALSE
S2FE2SR;;S2FE2SR;Identical ID;FALSE
S2FE2SS;;S2FE2SS;Identical ID;FALSE
S2FE2SS2;;S2FE2SS2;Identical ID;FALSE
S2FE2ST;;S2FE2ST;Identical ID;FALSE
S4FE4SR;;S4FE4SR;Identical ID;FALSE
S4FE4ST;;S4FE4ST;Identical ID;FALSE
SADT2;;SADT2;Identical ID;FALSE
SALCpts;;SALCpts;Identical ID;FALSE
SALICYLATE__45__1__45__MONOOXYGENASE__45__RXN;R00818;SALOR;KEGG;FALSE
SARCOX__45__RXN;R00610;;;TRUE
SBTabc;;SBTabc;Identical ID;FALSE
SBTO;;SBTO;Identical ID;FALSE
SCYSDS;;SCYSDS;Identical ID;FALSE
SDPDS;;SDPDS;Identical ID;FALSE
SDPTA;;SDPTA;Identical ID;FALSE
SERD_L;;SERD_L;Identical ID;FALSE
SERt2r;;SERt2r;Identical ID;FALSE
SERTRS;;SERTRS;Identical ID;FALSE
SHCHCC;;SHCHCC;Identical ID;FALSE
SHCHD2;;SHCHD2;Identical ID;FALSE
SHCHF;;SHCHF;Identical ID;FALSE
SHK3Dr;;SHK3Dr;Identical ID;FALSE
SHKK;;SHKK;Identical ID;FALSE
SHSL1;;SHSL1;Identical ID;FALSE
SHSL2;;SHSL2;Identical ID;FALSE
SHSL4;;SHSL4r;Changed ID;FALSE
SKMt2;;SKMt2;Identical ID;FALSE
SO4t2;;SO4t2;Identical ID;FALSE
SOLDEHYD__45__RXN;R05271;;;TRUE
SORBITOL__45__6__45__PHOSPHATASE__45__RXN;R02866;;;TRUE
SPMDabc;;SPMDabc;Identical ID;FALSE
SPMDt3;;SPMDt3;Identical ID;FALSE
SPMS;;SPMS;Identical ID;FALSE
SPODM;;SPODM;Identical ID;FALSE
SPRMS;;SPRMS;Identical ID;FALSE
SS__45__BUTANEDIOL__45__DEHYDROGENASE__45__RXN;R02344;;;TRUE
SSALy;;SSALy;Identical ID;FALSE
STREPTOMYCIN__45__6__45__KINASE__45__RXN;R02225;;;TRUE
SUCCINATE__45__SEMIALDEHYDE__45__DEHYDROGENASE__45__RXN;R00713;SSALx;biocyc, KEGG;FALSE
SUCCt2_2;;SUCCt2_2;Identical ID;FALSE
SUCD3;;SUCD3;Identical ID;FALSE
SUCOAS;;SUCOAS;Identical ID;FALSE
SUCR;;SUCR;Identical ID;FALSE
SULabc;;SULabc;Identical ID;FALSE
SULRi;;SULRi;Identical ID;FALSE
SYDDEHYD__45__RXN;R05272;;;TRUE
T2DECAI;;T2DECAI;Identical ID;FALSE
TAGO;;TAGO;Identical ID;FALSE
TAGS120;;TAGS120;Identical ID;FALSE
TAGS140;;TAGS140;Identical ID;FALSE
TAGS141;;TAGS141;Identical ID;FALSE
TAGS150;;TAGS150;Identical ID;FALSE
TAGS160;;TAGS160;Identical ID;FALSE
TAGS161;;TAGS161;Identical ID;FALSE
TAGS170;;TAGS170;Identical ID;FALSE
TAGS180;;TAGS180;Identical ID;FALSE
TAGS181;;TAGS181;Identical ID;FALSE
TAGSai150;;TAGSai150;Identical ID;FALSE
TAGSai170;;TAGSai170;Identical ID;FALSE
TAGSi140;;TAGSi140;Identical ID;FALSE
TAGSi150;;TAGSi150;Identical ID;FALSE
TAGSi160;;TAGSi160;Identical ID;FALSE
TAGSi170;;TAGSi170;Identical ID;FALSE
TAGSi180;;TAGSi180;Identical ID;FALSE
TALA;;TALA;Identical ID;FALSE
TARTt2_3;;TARTt2_3;Identical ID;FALSE
TAUDO;;TAUDO;Identical ID;FALSE
TAURabc;;TAURabc;Identical ID;FALSE
TDPDRE;;TDPDRE;Identical ID;FALSE
TDPDRR;;TDPDRR;Identical ID;FALSE
TDPGDH;;TDPGDH;Identical ID;FALSE
TECA1S;;TECA1S;Identical ID;FALSE
TECA2S;;TECA2S;Identical ID;FALSE
TECA3S;;TECA3S;Identical ID;FALSE
TGBPA;;TGBPA;Identical ID;FALSE
THCHDH;;THCHDH;Identical ID;FALSE
THD2;;THD2;Identical ID;FALSE
THDPS;;THDPS;Identical ID;FALSE
THFAT;;THFAT;Identical ID;FALSE
THIORDXi;;THIORDXi;Identical ID;FALSE
THIOSULFATE__45__SULFURTRANSFERASE__45__RXN;R01931;;;TRUE
THMabc;;THMabc;Identical ID;FALSE
THMDt2r;;THMDt2;Changed ID;FALSE
THRA2i;;THRA2i;Identical ID;FALSE
THRabc;;THRabc;Identical ID;FALSE
THRAi;;THRAi;Identical ID;FALSE
THRD;;THRD;Identical ID;FALSE
THRD_L;;THRD_L;Identical ID;FALSE
THRPD;;THRPDC;Changed ID;FALSE
THRPS;;LTHRK;Changed ID;FALSE
THRS;;THRS;Identical ID;FALSE
THRt2;;THRt2;Identical ID;FALSE
THRTRS;;THRTRS;Identical ID;FALSE
THYMt3r;;THYMt3r;Identical ID;FALSE
THZPSN3;;THZPSN3;Identical ID;FALSE
TKT1;;TKT1;Identical ID;FALSE
TKT2;;TKT2;Identical ID;FALSE
TMDK1;;TMDK1;Identical ID;FALSE
TMDPP;;TMDPP;Identical ID;FALSE
TMDSf;;TMDSf;Identical ID;FALSE
TMK;;TMK;Identical ID;FALSE
TMPK;;TMPK;Identical ID;FALSE
TMPPP;;TMPPP;Identical ID;FALSE
TPI;;TPI;Identical ID;FALSE
TRANS__45__L__45__3__45__HYDROXYPROLINE__45__DEHYDRATASE__45__RXN;R04374;;;TRUE
TRANS__45__RXN0__45__496;;;;TRUE
TRANS__45__RXN0__45__575;;;;TRUE
TRDR;;TRDR;Identical ID;FALSE
TRE6PHYDRO__45__RXN;R00837;;;TRUE
TRE6PP;;TRE6PP;Identical ID;FALSE
TRE6PS;;TRE6PS;Identical ID;FALSE
TREabc;;TREabc;Identical ID;FALSE
TRPO2;;TRPO2;Identical ID;FALSE
TRPS1;;TRPS1;Identical ID;FALSE
TRPS2;;TRPS2;Identical ID;FALSE
TRPS3;;TRPS3;Identical ID;FALSE
TRPt2r;;TRPt2r;Identical ID;FALSE
TRPTRS;;TRPTRS;Identical ID;FALSE
TRSARr;;TRSARr;Identical ID;FALSE
TRYPTOPHAN__45__2__45__MONOOXYGENASE__45__RXN;R00679;;;TRUE
TUNGSabc;;TUNGSabc;Identical ID;FALSE
TYRL;;TYRL;Identical ID;FALSE
TYRt2r;;TYRt2r;Identical ID;FALSE
TYRTA;;TYRTA;Identical ID;FALSE
TYRTRS;;TYRTRS;Identical ID;FALSE
UAAGDS;;UAAGDS;Identical ID;FALSE
UACMAMO;;UACMAMO;Identical ID;FALSE
UAG2E;;UAG2E;Identical ID;FALSE
UAGCVT;;UAGCVT;Identical ID;FALSE
UAGDP;;UAGDP;Identical ID;FALSE
UAGPT3;;UAGPT3;Identical ID;FALSE
UAMAGS;;UAMAGS;Identical ID;FALSE
UAMAS;;UAMAS;Identical ID;FALSE
UAPGR;;UAPGR;Identical ID;FALSE
UDCPDP;;UDCPDP;Identical ID;FALSE
UDCPDPS;;UDCPDPS;Identical ID;FALSE
UDPG4E;;UDPG4E;Identical ID;FALSE
UDPGD;;UDPGD;Identical ID;FALSE
UGLT;;UGLT;Identical ID;FALSE
UGLYCH;;UGLYCH;Identical ID;FALSE
UGMDDS;;UGMDDS;Identical ID;FALSE
UM4PCP;;UM4PCP;Identical ID;FALSE
UMPK;;UMPK;Identical ID;FALSE
UPP3MT;;UPP3MT;Identical ID;FALSE
UPP3S;;UPP3S;Identical ID;FALSE
UPPDC1;;UPPDC1;Identical ID;FALSE
UPPRT;;UPPRT;Identical ID;FALSE
URAt2r;;URAt2;Changed ID;FALSE
URCN;;URCN;Identical ID;FALSE
UREA;;UREA;Identical ID;FALSE
UREA__45__CARBOXYLASE__45__RXN;R00774;;;TRUE
UREAt;;UREAt;Identical ID;FALSE
UREIDOGLYCOLATE__45__LYASE__45__RXN;R00776;;;TRUE
URIC;;;This reactions is replaced by other reactions in iKS1317;FALSE
URIDINEKIN__45__RXN;R00964;;;TRUE
URIH;;URIH;Identical ID;FALSE
URIt2r;;URIt2;Changed ID;FALSE
URKI__45__RXN;R00968;URIK2;biocyc, KEGG;FALSE
URONATE__45__DEHYDROGENASE__45__RXN;R01981;;;TRUE
UROPORIIIMETHYLTRANSA__45__RXN;R07237;;;TRUE
URPHOS__45__RXN;R01876;PYNP2r;biocyc, KEGG;FALSE
UTPHEXPURIDYLYLTRANS__45__RXN;R00502;GALT;biocyc, KEGG;FALSE
VALabc;;VALabc;Identical ID;FALSE
VALDxi;;VALDHr;Changed ID;FALSE
VALINE__45__PYRUVATE__45__AMINOTRANSFER__45__RXN;R01215;;;TRUE
VALTA;;VALTA;Identical ID;FALSE
VALTRS;;VALTRS;Identical ID;FALSE
VANK;;VANK;Identical ID;FALSE
VNTDM;;VNTDM;Identical ID;FALSE
WCOS;;WCOS;Identical ID;FALSE
X5PL3E;;X5PL3E;Identical ID;FALSE
XAND;;XAND;Identical ID;FALSE
XANt2;;XANt2;Identical ID;FALSE
XTSNH;;XTSNH;Identical ID;FALSE
XTSNt2r;;XTSNt2;Changed ID;FALSE
XYLabc;;XYLabc;Identical ID;FALSE
XYLI1;;XYLI1;Identical ID;FALSE
XYLI2;;XYLI2;Identical ID;FALSE
XYLK;;XYLK;Identical ID;FALSE
XYLK2;;XYLK2;Identical ID;FALSE
XYLONATE__45__DEHYDRATASE__45__RXN;R02429;;;TRUE
XYLTabc;;XYLTabc;Identical ID;FALSE
XYLTO;;XYLTO;Identical ID;FALSE
ZN2t3;;ZN2t3;Identical ID;FALSE
ZNabc;;ZNabc;Identical ID;FALSE
